
Note: No compatibility mode selected!


Option rseries given: 
resistor 0.05 Ohms added in series to each inductor L


Circuit: 10x10 Crosspoint Array with 1T1ReRAM unit cell

Warning -- Version not specified on line "level=14 vsat=100k vth0=0.5"
Setting version to 'default'.
Warning -- Version not specified on line "level=14 vsat=100k vth0=0.5"
Setting version to 'default'.
Warning -- Version not specified on line "level=14 vsat=100k vth0=0.5"
Setting version to 'default'.
Warning -- Version not specified on line "level=14 vsat=100k vth0=0.5"
Setting version to 'default'.
Warning -- Version not specified on line "level=14 vsat=100k vth0=0.5"
Setting version to 'default'.
Warning -- Version not specified on line "level=14 vsat=100k vth0=0.5"
Setting version to 'default'.
Warning -- Version not specified on line "level=14 vsat=100k vth0=0.5"
Setting version to 'default'.
Warning -- Version not specified on line "level=14 vsat=100k vth0=0.5"
Setting version to 'default'.
Warning -- Version not specified on line "level=14 vsat=100k vth0=0.5"
Setting version to 'default'.
Warning -- Version not specified on line "level=14 vsat=100k vth0=0.5"
Setting version to 'default'.
Warning -- Version not specified on line "level=14 vsat=100k vth0=0.5"
Setting version to 'default'.
Warning -- Version not specified on line "level=14 vsat=100k vth0=0.5"
Setting version to 'default'.
Warning -- Version not specified on line "level=14 vsat=100k vth0=0.5"
Setting version to 'default'.
Warning -- Version not specified on line "level=14 vsat=100k vth0=0.5"
Setting version to 'default'.
Warning -- Version not specified on line "level=14 vsat=100k vth0=0.5"
Setting version to 'default'.
Warning -- Version not specified on line "level=14 vsat=100k vth0=0.5"
Setting version to 'default'.
Warning -- Version not specified on line "level=14 vsat=100k vth0=0.5"
Setting version to 'default'.
Warning -- Version not specified on line "level=14 vsat=100k vth0=0.5"
Setting version to 'default'.
Warning -- Version not specified on line "level=14 vsat=100k vth0=0.5"
Setting version to 'default'.
Warning -- Version not specified on line "level=14 vsat=100k vth0=0.5"
Setting version to 'default'.
Warning -- Version not specified on line "level=14 vsat=100k vth0=0.5"
Setting version to 'default'.
Warning -- Version not specified on line "level=14 vsat=100k vth0=0.5"
Setting version to 'default'.
Warning -- Version not specified on line "level=14 vsat=100k vth0=0.5"
Setting version to 'default'.
Warning -- Version not specified on line "level=14 vsat=100k vth0=0.5"
Setting version to 'default'.
Warning -- Version not specified on line "level=14 vsat=100k vth0=0.5"
Setting version to 'default'.
Warning -- Version not specified on line "level=14 vsat=100k vth0=0.5"
Setting version to 'default'.
Warning -- Version not specified on line "level=14 vsat=100k vth0=0.5"
Setting version to 'default'.
Warning -- Version not specified on line "level=14 vsat=100k vth0=0.5"
Setting version to 'default'.
Warning -- Version not specified on line "level=14 vsat=100k vth0=0.5"
Setting version to 'default'.
Warning -- Version not specified on line "level=14 vsat=100k vth0=0.5"
Setting version to 'default'.
Warning -- Version not specified on line "level=14 vsat=100k vth0=0.5"
Setting version to 'default'.
Warning -- Version not specified on line "level=14 vsat=100k vth0=0.5"
Setting version to 'default'.
Warning -- Version not specified on line "level=14 vsat=100k vth0=0.5"
Setting version to 'default'.
Warning -- Version not specified on line "level=14 vsat=100k vth0=0.5"
Setting version to 'default'.
Warning -- Version not specified on line "level=14 vsat=100k vth0=0.5"
Setting version to 'default'.
Warning -- Version not specified on line "level=14 vsat=100k vth0=0.5"
Setting version to 'default'.
Warning -- Version not specified on line "level=14 vsat=100k vth0=0.5"
Setting version to 'default'.
Warning -- Version not specified on line "level=14 vsat=100k vth0=0.5"
Setting version to 'default'.
Warning -- Version not specified on line "level=14 vsat=100k vth0=0.5"
Setting version to 'default'.
Warning -- Version not specified on line "level=14 vsat=100k vth0=0.5"
Setting version to 'default'.
Warning -- Version not specified on line "level=14 vsat=100k vth0=0.5"
Setting version to 'default'.
Warning -- Version not specified on line "level=14 vsat=100k vth0=0.5"
Setting version to 'default'.
Warning -- Version not specified on line "level=14 vsat=100k vth0=0.5"
Setting version to 'default'.
Warning -- Version not specified on line "level=14 vsat=100k vth0=0.5"
Setting version to 'default'.
Warning -- Version not specified on line "level=14 vsat=100k vth0=0.5"
Setting version to 'default'.
Warning -- Version not specified on line "level=14 vsat=100k vth0=0.5"
Setting version to 'default'.
Warning -- Version not specified on line "level=14 vsat=100k vth0=0.5"
Setting version to 'default'.
Warning -- Version not specified on line "level=14 vsat=100k vth0=0.5"
Setting version to 'default'.
Warning -- Version not specified on line "level=14 vsat=100k vth0=0.5"
Setting version to 'default'.
Warning -- Version not specified on line "level=14 vsat=100k vth0=0.5"
Setting version to 'default'.
Warning -- Version not specified on line "level=14 vsat=100k vth0=0.5"
Setting version to 'default'.
Warning -- Version not specified on line "level=14 vsat=100k vth0=0.5"
Setting version to 'default'.
Warning -- Version not specified on line "level=14 vsat=100k vth0=0.5"
Setting version to 'default'.
Warning -- Version not specified on line "level=14 vsat=100k vth0=0.5"
Setting version to 'default'.
Warning -- Version not specified on line "level=14 vsat=100k vth0=0.5"
Setting version to 'default'.
Warning -- Version not specified on line "level=14 vsat=100k vth0=0.5"
Setting version to 'default'.
Warning -- Version not specified on line "level=14 vsat=100k vth0=0.5"
Setting version to 'default'.
Warning -- Version not specified on line "level=14 vsat=100k vth0=0.5"
Setting version to 'default'.
Warning -- Version not specified on line "level=14 vsat=100k vth0=0.5"
Setting version to 'default'.
Warning -- Version not specified on line "level=14 vsat=100k vth0=0.5"
Setting version to 'default'.
Warning -- Version not specified on line "level=14 vsat=100k vth0=0.5"
Setting version to 'default'.
Warning -- Version not specified on line "level=14 vsat=100k vth0=0.5"
Setting version to 'default'.
Warning -- Version not specified on line "level=14 vsat=100k vth0=0.5"
Setting version to 'default'.
Warning -- Version not specified on line "level=14 vsat=100k vth0=0.5"
Setting version to 'default'.
Warning -- Version not specified on line "level=14 vsat=100k vth0=0.5"
Setting version to 'default'.
Warning -- Version not specified on line "level=14 vsat=100k vth0=0.5"
Setting version to 'default'.
Warning -- Version not specified on line "level=14 vsat=100k vth0=0.5"
Setting version to 'default'.
Warning -- Version not specified on line "level=14 vsat=100k vth0=0.5"
Setting version to 'default'.
Warning -- Version not specified on line "level=14 vsat=100k vth0=0.5"
Setting version to 'default'.
Warning -- Version not specified on line "level=14 vsat=100k vth0=0.5"
Setting version to 'default'.
Warning -- Version not specified on line "level=14 vsat=100k vth0=0.5"
Setting version to 'default'.
Warning -- Version not specified on line "level=14 vsat=100k vth0=0.5"
Setting version to 'default'.
Warning -- Version not specified on line "level=14 vsat=100k vth0=0.5"
Setting version to 'default'.
Warning -- Version not specified on line "level=14 vsat=100k vth0=0.5"
Setting version to 'default'.
Warning -- Version not specified on line "level=14 vsat=100k vth0=0.5"
Setting version to 'default'.
Warning -- Version not specified on line "level=14 vsat=100k vth0=0.5"
Setting version to 'default'.
Warning -- Version not specified on line "level=14 vsat=100k vth0=0.5"
Setting version to 'default'.
Warning -- Version not specified on line "level=14 vsat=100k vth0=0.5"
Setting version to 'default'.
Warning -- Version not specified on line "level=14 vsat=100k vth0=0.5"
Setting version to 'default'.
Warning -- Version not specified on line "level=14 vsat=100k vth0=0.5"
Setting version to 'default'.
Warning -- Version not specified on line "level=14 vsat=100k vth0=0.5"
Setting version to 'default'.
Warning -- Version not specified on line "level=14 vsat=100k vth0=0.5"
Setting version to 'default'.
Warning -- Version not specified on line "level=14 vsat=100k vth0=0.5"
Setting version to 'default'.
Warning -- Version not specified on line "level=14 vsat=100k vth0=0.5"
Setting version to 'default'.
Warning -- Version not specified on line "level=14 vsat=100k vth0=0.5"
Setting version to 'default'.
Warning -- Version not specified on line "level=14 vsat=100k vth0=0.5"
Setting version to 'default'.
Warning -- Version not specified on line "level=14 vsat=100k vth0=0.5"
Setting version to 'default'.
Warning -- Version not specified on line "level=14 vsat=100k vth0=0.5"
Setting version to 'default'.
Warning -- Version not specified on line "level=14 vsat=100k vth0=0.5"
Setting version to 'default'.
Warning -- Version not specified on line "level=14 vsat=100k vth0=0.5"
Setting version to 'default'.
Warning -- Version not specified on line "level=14 vsat=100k vth0=0.5"
Setting version to 'default'.
Warning -- Version not specified on line "level=14 vsat=100k vth0=0.5"
Setting version to 'default'.
Warning -- Version not specified on line "level=14 vsat=100k vth0=0.5"
Setting version to 'default'.
Warning -- Version not specified on line "level=14 vsat=100k vth0=0.5"
Setting version to 'default'.
Warning -- Version not specified on line "level=14 vsat=100k vth0=0.5"
Setting version to 'default'.
Warning -- Version not specified on line "level=14 vsat=100k vth0=0.5"
Setting version to 'default'.
Warning -- Version not specified on line "level=14 vsat=100k vth0=0.5"
Setting version to 'default'.
Warning -- Version not specified on line "level=14 vsat=100k vth0=0.5"
Setting version to 'default'.
Warning -- Version not specified on line "level=14 vsat=100k vth0=0.5"
Setting version to 'default'.
Warning -- Version not specified on line "level=14 vsat=100k vth0=0.5"
Setting version to 'default'.
Option cshunt: 2080 capacitors added with 1e-12 F each
Doing analysis at TEMP = 27.000000 and TNOM = 27.000000

Using SPARSE 1.3 as Direct Linear Solver

Initial Transient Solution
--------------------------

Node                                   Voltage
----                                   -------
probe_int_/1t1r_10x10/r0/c3/drain_node_mq1_1    -0.000392691
probe_int_/1t1r_10x10/r0/c3/gate_node_mq1_2     3.04339e-05
probe_int_/1t1r_10x10/r0/c3/source_node_mq1_3    -3.24317e-08
probe_int_gnd_mq1_4                          0
/1t1r_10x10/r0/c3/drain_node      -0.000392691
/1t1r_10x10/r0/c3/gate_node        3.04339e-05
/1t1r_10x10/r0/c3/source_node     -3.24317e-08
/1t1r_10x10/gates0                 3.04339e-05
xmr1.mide_vmeas_0                 -2.10991e-08
probe_int_/1t1r_10x10/r0/c3/drain_node_xmr1    -0.000392691
xmr1.c_v                              1.64e+25
xmr1.t                                     293
/1t1r_10x10/r0/c3/top_electrode_node    -2.10991e-08
xmr1.mide                         -2.10991e-08
/1t1r_10x10/row0                   -1.9181e-08
/1t1r_10x10/r0/c3/ammeter_drain/plus     -1.9181e-08
/1t1r_10x10/r0/c3/ammeter_drain/minus    -2.10991e-08
probe_int_/1t1r_10x10/r0/c3/ammeter_drain/minus_r1    -2.10991e-08
/1t1r_10x10/r0/c3/ammeter_source/plus    -3.24317e-08
/1t1r_10x10/r0/c3/ammeter_source/minus     -2.9483e-08
/1t1r_10x10/col3                   -2.9483e-08
probe_int_/1t1r_10x10/r0/c3/ammeter_source/minus_r2     -2.9483e-08
probe_int_/1t1r_10x10/r0/c0/drain_node_mq2_1    -0.000392691
probe_int_/1t1r_10x10/r0/c0/gate_node_mq2_2     3.04339e-05
probe_int_/1t1r_10x10/r0/c0/source_node_mq2_3    -3.24317e-08
probe_int_gnd_mq2_4                          0
/1t1r_10x10/r0/c0/drain_node      -0.000392691
/1t1r_10x10/r0/c0/gate_node        3.04339e-05
/1t1r_10x10/r0/c0/source_node     -3.24317e-08
xmr2.mide_vmeas_0                 -2.10991e-08
probe_int_/1t1r_10x10/r0/c0/drain_node_xmr2    -0.000392691
xmr2.c_v                              1.64e+25
xmr2.t                                     293
/1t1r_10x10/r0/c0/top_electrode_node    -2.10991e-08
xmr2.mide                         -2.10991e-08
/1t1r_10x10/r0/c0/ammeter_drain/plus     -1.9181e-08
/1t1r_10x10/r0/c0/ammeter_drain/minus    -2.10991e-08
probe_int_/1t1r_10x10/r0/c0/ammeter_drain/minus_r3    -2.10991e-08
/1t1r_10x10/r0/c0/ammeter_source/plus    -3.24317e-08
/1t1r_10x10/r0/c0/ammeter_source/minus     -2.9483e-08
/1t1r_10x10/col0                   -2.9483e-08
probe_int_/1t1r_10x10/r0/c0/ammeter_source/minus_r4     -2.9483e-08
probe_int_/1t1r_10x10/r0/c1/drain_node_mq3_1    -0.000392691
probe_int_/1t1r_10x10/r0/c1/gate_node_mq3_2     3.04339e-05
probe_int_/1t1r_10x10/r0/c1/source_node_mq3_3    -3.24317e-08
probe_int_gnd_mq3_4                          0
/1t1r_10x10/r0/c1/drain_node      -0.000392691
/1t1r_10x10/r0/c1/gate_node        3.04339e-05
/1t1r_10x10/r0/c1/source_node     -3.24317e-08
xmr3.mide_vmeas_0                 -2.10991e-08
probe_int_/1t1r_10x10/r0/c1/drain_node_xmr3    -0.000392691
xmr3.c_v                              1.64e+25
xmr3.t                                     293
/1t1r_10x10/r0/c1/top_electrode_node    -2.10991e-08
xmr3.mide                         -2.10991e-08
/1t1r_10x10/r0/c1/ammeter_drain/plus     -1.9181e-08
/1t1r_10x10/r0/c1/ammeter_drain/minus    -2.10991e-08
probe_int_/1t1r_10x10/r0/c1/ammeter_drain/minus_r5    -2.10991e-08
/1t1r_10x10/r0/c1/ammeter_source/plus    -3.24317e-08
/1t1r_10x10/r0/c1/ammeter_source/minus     -2.9483e-08
/1t1r_10x10/col1                   -2.9483e-08
probe_int_/1t1r_10x10/r0/c1/ammeter_source/minus_r6     -2.9483e-08
probe_int_/1t1r_10x10/r0/c2/drain_node_mq4_1    -0.000392691
probe_int_/1t1r_10x10/r0/c2/gate_node_mq4_2     3.04339e-05
probe_int_/1t1r_10x10/r0/c2/source_node_mq4_3    -3.24317e-08
probe_int_gnd_mq4_4                          0
/1t1r_10x10/r0/c2/drain_node      -0.000392691
/1t1r_10x10/r0/c2/gate_node        3.04339e-05
/1t1r_10x10/r0/c2/source_node     -3.24317e-08
xmr4.mide_vmeas_0                 -2.10991e-08
probe_int_/1t1r_10x10/r0/c2/drain_node_xmr4    -0.000392691
xmr4.c_v                              1.64e+25
xmr4.t                                     293
/1t1r_10x10/r0/c2/top_electrode_node    -2.10991e-08
xmr4.mide                         -2.10991e-08
/1t1r_10x10/r0/c2/ammeter_drain/plus     -1.9181e-08
/1t1r_10x10/r0/c2/ammeter_drain/minus    -2.10991e-08
probe_int_/1t1r_10x10/r0/c2/ammeter_drain/minus_r7    -2.10991e-08
/1t1r_10x10/r0/c2/ammeter_source/plus    -3.24317e-08
/1t1r_10x10/r0/c2/ammeter_source/minus     -2.9483e-08
/1t1r_10x10/col2                   -2.9483e-08
probe_int_/1t1r_10x10/r0/c2/ammeter_source/minus_r8     -2.9483e-08
probe_int_/1t1r_10x10/r0/c7/drain_node_mq5_1    -0.000392691
probe_int_/1t1r_10x10/r0/c7/gate_node_mq5_2     3.04339e-05
probe_int_/1t1r_10x10/r0/c7/source_node_mq5_3    -3.24317e-08
probe_int_gnd_mq5_4                          0
/1t1r_10x10/r0/c7/drain_node      -0.000392691
/1t1r_10x10/r0/c7/gate_node        3.04339e-05
/1t1r_10x10/r0/c7/source_node     -3.24317e-08
xmr5.mide_vmeas_0                 -2.10991e-08
probe_int_/1t1r_10x10/r0/c7/drain_node_xmr5    -0.000392691
xmr5.c_v                              1.64e+25
xmr5.t                                     293
/1t1r_10x10/r0/c7/top_electrode_node    -2.10991e-08
xmr5.mide                         -2.10991e-08
/1t1r_10x10/r0/c7/ammeter_drain/plus     -1.9181e-08
/1t1r_10x10/r0/c7/ammeter_drain/minus    -2.10991e-08
probe_int_/1t1r_10x10/r0/c7/ammeter_drain/minus_r9    -2.10991e-08
/1t1r_10x10/r0/c7/ammeter_source/plus    -3.24317e-08
/1t1r_10x10/r0/c7/ammeter_source/minus     -2.9483e-08
/1t1r_10x10/col7                   -2.9483e-08
probe_int_/1t1r_10x10/r0/c7/ammeter_source/minus_r10     -2.9483e-08
probe_int_/1t1r_10x10/r0/c8/drain_node_mq6_1    -0.000392691
probe_int_/1t1r_10x10/r0/c8/gate_node_mq6_2     3.04339e-05
probe_int_/1t1r_10x10/r0/c8/source_node_mq6_3    -3.24317e-08
probe_int_gnd_mq6_4                          0
/1t1r_10x10/r0/c8/drain_node      -0.000392691
/1t1r_10x10/r0/c8/gate_node        3.04339e-05
/1t1r_10x10/r0/c8/source_node     -3.24317e-08
xmr6.mide_vmeas_0                 -2.10991e-08
probe_int_/1t1r_10x10/r0/c8/drain_node_xmr6    -0.000392691
xmr6.c_v                              1.64e+25
xmr6.t                                     293
/1t1r_10x10/r0/c8/top_electrode_node    -2.10991e-08
xmr6.mide                         -2.10991e-08
/1t1r_10x10/r0/c8/ammeter_drain/plus     -1.9181e-08
/1t1r_10x10/r0/c8/ammeter_drain/minus    -2.10991e-08
probe_int_/1t1r_10x10/r0/c8/ammeter_drain/minus_r11    -2.10991e-08
/1t1r_10x10/r0/c8/ammeter_source/plus    -3.24317e-08
/1t1r_10x10/r0/c8/ammeter_source/minus     -2.9483e-08
/1t1r_10x10/col8                   -2.9483e-08
probe_int_/1t1r_10x10/r0/c8/ammeter_source/minus_r12     -2.9483e-08
probe_int_/1t1r_10x10/r0/c5/drain_node_mq7_1    -0.000392691
probe_int_/1t1r_10x10/r0/c5/gate_node_mq7_2     3.04339e-05
probe_int_/1t1r_10x10/r0/c5/source_node_mq7_3    -3.24317e-08
probe_int_gnd_mq7_4                          0
/1t1r_10x10/r0/c5/drain_node      -0.000392691
/1t1r_10x10/r0/c5/gate_node        3.04339e-05
/1t1r_10x10/r0/c5/source_node     -3.24317e-08
xmr7.mide_vmeas_0                 -2.10991e-08
probe_int_/1t1r_10x10/r0/c5/drain_node_xmr7    -0.000392691
xmr7.c_v                              1.64e+25
xmr7.t                                     293
/1t1r_10x10/r0/c5/top_electrode_node    -2.10991e-08
xmr7.mide                         -2.10991e-08
/1t1r_10x10/r0/c5/ammeter_drain/plus     -1.9181e-08
/1t1r_10x10/r0/c5/ammeter_drain/minus    -2.10991e-08
probe_int_/1t1r_10x10/r0/c5/ammeter_drain/minus_r13    -2.10991e-08
/1t1r_10x10/r0/c5/ammeter_source/plus    -3.24317e-08
/1t1r_10x10/r0/c5/ammeter_source/minus     -2.9483e-08
/1t1r_10x10/col5                   -2.9483e-08
probe_int_/1t1r_10x10/r0/c5/ammeter_source/minus_r14     -2.9483e-08
probe_int_/1t1r_10x10/r0/c6/drain_node_mq8_1    -0.000392691
probe_int_/1t1r_10x10/r0/c6/gate_node_mq8_2     3.04339e-05
probe_int_/1t1r_10x10/r0/c6/source_node_mq8_3    -3.24317e-08
probe_int_gnd_mq8_4                          0
/1t1r_10x10/r0/c6/drain_node      -0.000392691
/1t1r_10x10/r0/c6/gate_node        3.04339e-05
/1t1r_10x10/r0/c6/source_node     -3.24317e-08
xmr8.mide_vmeas_0                 -2.10991e-08
probe_int_/1t1r_10x10/r0/c6/drain_node_xmr8    -0.000392691
xmr8.c_v                              1.64e+25
xmr8.t                                     293
/1t1r_10x10/r0/c6/top_electrode_node    -2.10991e-08
xmr8.mide                         -2.10991e-08
/1t1r_10x10/r0/c6/ammeter_drain/plus     -1.9181e-08
/1t1r_10x10/r0/c6/ammeter_drain/minus    -2.10991e-08
probe_int_/1t1r_10x10/r0/c6/ammeter_drain/minus_r15    -2.10991e-08
/1t1r_10x10/r0/c6/ammeter_source/plus    -3.24317e-08
/1t1r_10x10/r0/c6/ammeter_source/minus     -2.9483e-08
/1t1r_10x10/col6                   -2.9483e-08
probe_int_/1t1r_10x10/r0/c6/ammeter_source/minus_r16     -2.9483e-08
probe_int_/1t1r_10x10/r0/c9/drain_node_mq9_1    -0.000392691
probe_int_/1t1r_10x10/r0/c9/gate_node_mq9_2     3.04339e-05
probe_int_/1t1r_10x10/r0/c9/source_node_mq9_3    -3.24317e-08
probe_int_gnd_mq9_4                          0
/1t1r_10x10/r0/c9/drain_node      -0.000392691
/1t1r_10x10/r0/c9/gate_node        3.04339e-05
/1t1r_10x10/r0/c9/source_node     -3.24317e-08
xmr9.mide_vmeas_0                 -2.10991e-08
probe_int_/1t1r_10x10/r0/c9/drain_node_xmr9    -0.000392691
xmr9.c_v                              1.64e+25
xmr9.t                                     293
/1t1r_10x10/r0/c9/top_electrode_node    -2.10991e-08
xmr9.mide                         -2.10991e-08
/1t1r_10x10/r0/c9/ammeter_drain/plus     -1.9181e-08
/1t1r_10x10/r0/c9/ammeter_drain/minus    -2.10991e-08
probe_int_/1t1r_10x10/r0/c9/ammeter_drain/minus_r17    -2.10991e-08
/1t1r_10x10/r0/c9/ammeter_source/plus    -3.24317e-08
/1t1r_10x10/r0/c9/ammeter_source/minus     -2.9483e-08
/1t1r_10x10/col9                   -2.9483e-08
probe_int_/1t1r_10x10/r0/c9/ammeter_source/minus_r18     -2.9483e-08
probe_int_/1t1r_10x10/r0/c4/drain_node_mq10_1    -0.000392691
probe_int_/1t1r_10x10/r0/c4/gate_node_mq10_2     3.04339e-05
probe_int_/1t1r_10x10/r0/c4/source_node_mq10_3    -3.24317e-08
probe_int_gnd_mq10_4                         0
/1t1r_10x10/r0/c4/drain_node      -0.000392691
/1t1r_10x10/r0/c4/gate_node        3.04339e-05
/1t1r_10x10/r0/c4/source_node     -3.24317e-08
xmr10.mide_vmeas_0                -2.10991e-08
probe_int_/1t1r_10x10/r0/c4/drain_node_xmr10    -0.000392691
xmr10.c_v                             1.64e+25
xmr10.t                                    293
/1t1r_10x10/r0/c4/top_electrode_node    -2.10991e-08
xmr10.mide                        -2.10991e-08
/1t1r_10x10/r0/c4/ammeter_drain/plus     -1.9181e-08
/1t1r_10x10/r0/c4/ammeter_drain/minus    -2.10991e-08
probe_int_/1t1r_10x10/r0/c4/ammeter_drain/minus_r19    -2.10991e-08
/voltage_sources/row0/ammeter/red               0
probe_int_gnd_xv49                           0
/voltage_sources/row1/ammeter/red               0
probe_int_gnd_xv50                           0
/voltage_sources/row2/ammeter/red               0
probe_int_gnd_xv51                           0
/voltage_sources/row3/ammeter/red               0
probe_int_gnd_xv52                           0
/voltage_sources/row4/ammeter/red               0
probe_int_gnd_xv53                           0
/voltage_sources/col0/ammeter/red               0
probe_int_gnd_xv54                           0
/voltage_sources/col1/ammeter/red               0
probe_int_gnd_xv55                           0
/voltage_sources/col2/ammeter/red               0
probe_int_gnd_xv56                           0
/voltage_sources/col3/ammeter/red               0
probe_int_gnd_xv57                           0
/voltage_sources/col4/ammeter/red               0
probe_int_gnd_xv58                           0
/voltage_sources/gates0/ammeter/red               0
probe_int_gnd_xv59                           0
/voltage_sources/gates1/ammeter/red               0
probe_int_gnd_xv60                           0
/voltage_sources/gates2/ammeter/red               0
probe_int_gnd_xv61                           0
/voltage_sources/gates3/ammeter/red               0
probe_int_gnd_xv62                           0
/voltage_sources/gates4/ammeter/red               0
probe_int_gnd_xv63                           0
/1t1r_10x10/r0/c4/ammeter_source/plus    -3.24317e-08
/1t1r_10x10/r0/c4/ammeter_source/minus     -2.9483e-08
/1t1r_10x10/col4                   -2.9483e-08
probe_int_/1t1r_10x10/r0/c4/ammeter_source/minus_r20     -2.9483e-08
probe_int_/1t1r_10x10/r1/c3/drain_node_mq11_1    -0.000392691
probe_int_/1t1r_10x10/r1/c3/gate_node_mq11_2     3.04339e-05
probe_int_/1t1r_10x10/r1/c3/source_node_mq11_3    -3.24317e-08
probe_int_gnd_mq11_4                         0
/1t1r_10x10/r1/c3/drain_node      -0.000392691
/1t1r_10x10/r1/c3/gate_node        3.04339e-05
/1t1r_10x10/r1/c3/source_node     -3.24317e-08
/1t1r_10x10/gates1                 3.04339e-05
xmr11.mide_vmeas_0                -2.10991e-08
probe_int_/1t1r_10x10/r1/c3/drain_node_xmr11    -0.000392691
xmr11.c_v                             1.64e+25
xmr11.t                                    293
/1t1r_10x10/r1/c3/top_electrode_node    -2.10991e-08
xmr11.mide                        -2.10991e-08
/1t1r_10x10/row1                   -1.9181e-08
/1t1r_10x10/r1/c3/ammeter_drain/plus     -1.9181e-08
/1t1r_10x10/r1/c3/ammeter_drain/minus    -2.10991e-08
probe_int_/1t1r_10x10/r1/c3/ammeter_drain/minus_r21    -2.10991e-08
/1t1r_10x10/r1/c3/ammeter_source/plus    -3.24317e-08
/1t1r_10x10/r1/c3/ammeter_source/minus     -2.9483e-08
probe_int_/1t1r_10x10/r1/c3/ammeter_source/minus_r22     -2.9483e-08
probe_int_/1t1r_10x10/r1/c0/drain_node_mq12_1    -0.000392691
probe_int_/1t1r_10x10/r1/c0/gate_node_mq12_2     3.04339e-05
probe_int_/1t1r_10x10/r1/c0/source_node_mq12_3    -3.24317e-08
probe_int_gnd_mq12_4                         0
/1t1r_10x10/r1/c0/drain_node      -0.000392691
/1t1r_10x10/r1/c0/gate_node        3.04339e-05
/1t1r_10x10/r1/c0/source_node     -3.24317e-08
xmr12.mide_vmeas_0                -2.10991e-08
probe_int_/1t1r_10x10/r1/c0/drain_node_xmr12    -0.000392691
xmr12.c_v                             1.64e+25
xmr12.t                                    293
/1t1r_10x10/r1/c0/top_electrode_node    -2.10991e-08
xmr12.mide                        -2.10991e-08
/1t1r_10x10/r1/c0/ammeter_drain/plus     -1.9181e-08
/1t1r_10x10/r1/c0/ammeter_drain/minus    -2.10991e-08
probe_int_/1t1r_10x10/r1/c0/ammeter_drain/minus_r23    -2.10991e-08
/1t1r_10x10/r1/c0/ammeter_source/plus    -3.24317e-08
/1t1r_10x10/r1/c0/ammeter_source/minus     -2.9483e-08
probe_int_/1t1r_10x10/r1/c0/ammeter_source/minus_r24     -2.9483e-08
probe_int_/1t1r_10x10/r1/c1/drain_node_mq13_1    -0.000392691
probe_int_/1t1r_10x10/r1/c1/gate_node_mq13_2     3.04339e-05
probe_int_/1t1r_10x10/r1/c1/source_node_mq13_3    -3.24317e-08
probe_int_gnd_mq13_4                         0
/1t1r_10x10/r1/c1/drain_node      -0.000392691
/1t1r_10x10/r1/c1/gate_node        3.04339e-05
/1t1r_10x10/r1/c1/source_node     -3.24317e-08
xmr13.mide_vmeas_0                -2.10991e-08
probe_int_/1t1r_10x10/r1/c1/drain_node_xmr13    -0.000392691
xmr13.c_v                             1.64e+25
xmr13.t                                    293
/1t1r_10x10/r1/c1/top_electrode_node    -2.10991e-08
xmr13.mide                        -2.10991e-08
/1t1r_10x10/r1/c1/ammeter_drain/plus     -1.9181e-08
/1t1r_10x10/r1/c1/ammeter_drain/minus    -2.10991e-08
probe_int_/1t1r_10x10/r1/c1/ammeter_drain/minus_r25    -2.10991e-08
/1t1r_10x10/r1/c1/ammeter_source/plus    -3.24317e-08
/1t1r_10x10/r1/c1/ammeter_source/minus     -2.9483e-08
probe_int_/1t1r_10x10/r1/c1/ammeter_source/minus_r26     -2.9483e-08
probe_int_/1t1r_10x10/r1/c2/drain_node_mq14_1    -0.000392691
probe_int_/1t1r_10x10/r1/c2/gate_node_mq14_2     3.04339e-05
probe_int_/1t1r_10x10/r1/c2/source_node_mq14_3    -3.24317e-08
probe_int_gnd_mq14_4                         0
/1t1r_10x10/r1/c2/drain_node      -0.000392691
/1t1r_10x10/r1/c2/gate_node        3.04339e-05
/1t1r_10x10/r1/c2/source_node     -3.24317e-08
xmr14.mide_vmeas_0                -2.10991e-08
probe_int_/1t1r_10x10/r1/c2/drain_node_xmr14    -0.000392691
xmr14.c_v                             1.64e+25
xmr14.t                                    293
/1t1r_10x10/r1/c2/top_electrode_node    -2.10991e-08
xmr14.mide                        -2.10991e-08
/1t1r_10x10/r1/c2/ammeter_drain/plus     -1.9181e-08
/1t1r_10x10/r1/c2/ammeter_drain/minus    -2.10991e-08
probe_int_/1t1r_10x10/r1/c2/ammeter_drain/minus_r27    -2.10991e-08
/1t1r_10x10/r1/c2/ammeter_source/plus    -3.24317e-08
/1t1r_10x10/r1/c2/ammeter_source/minus     -2.9483e-08
probe_int_/1t1r_10x10/r1/c2/ammeter_source/minus_r28     -2.9483e-08
probe_int_/1t1r_10x10/r1/c7/drain_node_mq15_1    -0.000392691
probe_int_/1t1r_10x10/r1/c7/gate_node_mq15_2     3.04339e-05
probe_int_/1t1r_10x10/r1/c7/source_node_mq15_3    -3.24317e-08
probe_int_gnd_mq15_4                         0
/1t1r_10x10/r1/c7/drain_node      -0.000392691
/1t1r_10x10/r1/c7/gate_node        3.04339e-05
/1t1r_10x10/r1/c7/source_node     -3.24317e-08
xmr15.mide_vmeas_0                -2.10991e-08
probe_int_/1t1r_10x10/r1/c7/drain_node_xmr15    -0.000392691
xmr15.c_v                             1.64e+25
xmr15.t                                    293
/1t1r_10x10/r1/c7/top_electrode_node    -2.10991e-08
xmr15.mide                        -2.10991e-08
/1t1r_10x10/r1/c7/ammeter_drain/plus     -1.9181e-08
/1t1r_10x10/r1/c7/ammeter_drain/minus    -2.10991e-08
probe_int_/1t1r_10x10/r1/c7/ammeter_drain/minus_r29    -2.10991e-08
/1t1r_10x10/r1/c7/ammeter_source/plus    -3.24317e-08
/1t1r_10x10/r1/c7/ammeter_source/minus     -2.9483e-08
probe_int_/1t1r_10x10/r1/c7/ammeter_source/minus_r30     -2.9483e-08
probe_int_/1t1r_10x10/r1/c8/drain_node_mq16_1    -0.000392691
probe_int_/1t1r_10x10/r1/c8/gate_node_mq16_2     3.04339e-05
probe_int_/1t1r_10x10/r1/c8/source_node_mq16_3    -3.24317e-08
probe_int_gnd_mq16_4                         0
/1t1r_10x10/r1/c8/drain_node      -0.000392691
/1t1r_10x10/r1/c8/gate_node        3.04339e-05
/1t1r_10x10/r1/c8/source_node     -3.24317e-08
xmr16.mide_vmeas_0                -2.10991e-08
probe_int_/1t1r_10x10/r1/c8/drain_node_xmr16    -0.000392691
xmr16.c_v                             1.64e+25
xmr16.t                                    293
/1t1r_10x10/r1/c8/top_electrode_node    -2.10991e-08
xmr16.mide                        -2.10991e-08
/1t1r_10x10/r1/c8/ammeter_drain/plus     -1.9181e-08
/1t1r_10x10/r1/c8/ammeter_drain/minus    -2.10991e-08
probe_int_/1t1r_10x10/r1/c8/ammeter_drain/minus_r31    -2.10991e-08
/1t1r_10x10/r1/c8/ammeter_source/plus    -3.24317e-08
/1t1r_10x10/r1/c8/ammeter_source/minus     -2.9483e-08
probe_int_/1t1r_10x10/r1/c8/ammeter_source/minus_r32     -2.9483e-08
probe_int_/1t1r_10x10/r1/c5/drain_node_mq17_1    -0.000392691
probe_int_/1t1r_10x10/r1/c5/gate_node_mq17_2     3.04339e-05
probe_int_/1t1r_10x10/r1/c5/source_node_mq17_3    -3.24317e-08
probe_int_gnd_mq17_4                         0
/1t1r_10x10/r1/c5/drain_node      -0.000392691
/1t1r_10x10/r1/c5/gate_node        3.04339e-05
/1t1r_10x10/r1/c5/source_node     -3.24317e-08
xmr17.mide_vmeas_0                -2.10991e-08
probe_int_/1t1r_10x10/r1/c5/drain_node_xmr17    -0.000392691
xmr17.c_v                             1.64e+25
xmr17.t                                    293
/1t1r_10x10/r1/c5/top_electrode_node    -2.10991e-08
xmr17.mide                        -2.10991e-08
/1t1r_10x10/r1/c5/ammeter_drain/plus     -1.9181e-08
/1t1r_10x10/r1/c5/ammeter_drain/minus    -2.10991e-08
probe_int_/1t1r_10x10/r1/c5/ammeter_drain/minus_r33    -2.10991e-08
/1t1r_10x10/r1/c5/ammeter_source/plus    -3.24317e-08
/1t1r_10x10/r1/c5/ammeter_source/minus     -2.9483e-08
probe_int_/1t1r_10x10/r1/c5/ammeter_source/minus_r34     -2.9483e-08
probe_int_/1t1r_10x10/r1/c6/drain_node_mq18_1    -0.000392691
probe_int_/1t1r_10x10/r1/c6/gate_node_mq18_2     3.04339e-05
probe_int_/1t1r_10x10/r1/c6/source_node_mq18_3    -3.24317e-08
probe_int_gnd_mq18_4                         0
/1t1r_10x10/r1/c6/drain_node      -0.000392691
/1t1r_10x10/r1/c6/gate_node        3.04339e-05
/1t1r_10x10/r1/c6/source_node     -3.24317e-08
xmr18.mide_vmeas_0                -2.10991e-08
probe_int_/1t1r_10x10/r1/c6/drain_node_xmr18    -0.000392691
xmr18.c_v                             1.64e+25
xmr18.t                                    293
/1t1r_10x10/r1/c6/top_electrode_node    -2.10991e-08
xmr18.mide                        -2.10991e-08
/1t1r_10x10/r1/c6/ammeter_drain/plus     -1.9181e-08
/1t1r_10x10/r1/c6/ammeter_drain/minus    -2.10991e-08
probe_int_/1t1r_10x10/r1/c6/ammeter_drain/minus_r35    -2.10991e-08
/1t1r_10x10/r1/c6/ammeter_source/plus    -3.24317e-08
/1t1r_10x10/r1/c6/ammeter_source/minus     -2.9483e-08
probe_int_/1t1r_10x10/r1/c6/ammeter_source/minus_r36     -2.9483e-08
probe_int_/1t1r_10x10/r1/c9/drain_node_mq19_1    -0.000392691
probe_int_/1t1r_10x10/r1/c9/gate_node_mq19_2     3.04339e-05
probe_int_/1t1r_10x10/r1/c9/source_node_mq19_3    -3.24317e-08
probe_int_gnd_mq19_4                         0
/1t1r_10x10/r1/c9/drain_node      -0.000392691
/1t1r_10x10/r1/c9/gate_node        3.04339e-05
/1t1r_10x10/r1/c9/source_node     -3.24317e-08
xmr19.mide_vmeas_0                -2.10991e-08
probe_int_/1t1r_10x10/r1/c9/drain_node_xmr19    -0.000392691
xmr19.c_v                             1.64e+25
xmr19.t                                    293
/1t1r_10x10/r1/c9/top_electrode_node    -2.10991e-08
xmr19.mide                        -2.10991e-08
/1t1r_10x10/r1/c9/ammeter_drain/plus     -1.9181e-08
/1t1r_10x10/r1/c9/ammeter_drain/minus    -2.10991e-08
probe_int_/1t1r_10x10/r1/c9/ammeter_drain/minus_r37    -2.10991e-08
/1t1r_10x10/r1/c9/ammeter_source/plus    -3.24317e-08
/1t1r_10x10/r1/c9/ammeter_source/minus     -2.9483e-08
probe_int_/1t1r_10x10/r1/c9/ammeter_source/minus_r38     -2.9483e-08
probe_int_/1t1r_10x10/r1/c4/drain_node_mq20_1    -0.000392691
probe_int_/1t1r_10x10/r1/c4/gate_node_mq20_2     3.04339e-05
probe_int_/1t1r_10x10/r1/c4/source_node_mq20_3    -3.24317e-08
probe_int_gnd_mq20_4                         0
/1t1r_10x10/r1/c4/drain_node      -0.000392691
/1t1r_10x10/r1/c4/gate_node        3.04339e-05
/1t1r_10x10/r1/c4/source_node     -3.24317e-08
xmr20.mide_vmeas_0                -2.10991e-08
probe_int_/1t1r_10x10/r1/c4/drain_node_xmr20    -0.000392691
xmr20.c_v                             1.64e+25
xmr20.t                                    293
/1t1r_10x10/r1/c4/top_electrode_node    -2.10991e-08
xmr20.mide                        -2.10991e-08
/1t1r_10x10/r1/c4/ammeter_drain/plus     -1.9181e-08
/1t1r_10x10/r1/c4/ammeter_drain/minus    -2.10991e-08
probe_int_/1t1r_10x10/r1/c4/ammeter_drain/minus_r39    -2.10991e-08
/1t1r_10x10/r1/c4/ammeter_source/plus    -3.24317e-08
/1t1r_10x10/r1/c4/ammeter_source/minus     -2.9483e-08
probe_int_/1t1r_10x10/r1/c4/ammeter_source/minus_r40     -2.9483e-08
probe_int_/1t1r_10x10/r2/c3/drain_node_mq21_1    -0.000392691
probe_int_/1t1r_10x10/r2/c3/gate_node_mq21_2     3.04339e-05
probe_int_/1t1r_10x10/r2/c3/source_node_mq21_3    -3.24317e-08
probe_int_gnd_mq21_4                         0
/1t1r_10x10/r2/c3/drain_node      -0.000392691
/1t1r_10x10/r2/c3/gate_node        3.04339e-05
/1t1r_10x10/r2/c3/source_node     -3.24317e-08
/1t1r_10x10/gates2                 3.04339e-05
xmr21.mide_vmeas_0                -2.10991e-08
probe_int_/1t1r_10x10/r2/c3/drain_node_xmr21    -0.000392691
xmr21.c_v                             1.64e+25
xmr21.t                                    293
/1t1r_10x10/r2/c3/top_electrode_node    -2.10991e-08
xmr21.mide                        -2.10991e-08
/1t1r_10x10/row2                   -1.9181e-08
/1t1r_10x10/r2/c3/ammeter_drain/plus     -1.9181e-08
/1t1r_10x10/r2/c3/ammeter_drain/minus    -2.10991e-08
probe_int_/1t1r_10x10/r2/c3/ammeter_drain/minus_r41    -2.10991e-08
/1t1r_10x10/r2/c3/ammeter_source/plus    -3.24317e-08
/1t1r_10x10/r2/c3/ammeter_source/minus     -2.9483e-08
probe_int_/1t1r_10x10/r2/c3/ammeter_source/minus_r42     -2.9483e-08
probe_int_/1t1r_10x10/r2/c0/drain_node_mq22_1    -0.000392691
probe_int_/1t1r_10x10/r2/c0/gate_node_mq22_2     3.04339e-05
probe_int_/1t1r_10x10/r2/c0/source_node_mq22_3    -3.24317e-08
probe_int_gnd_mq22_4                         0
/1t1r_10x10/r2/c0/drain_node      -0.000392691
/1t1r_10x10/r2/c0/gate_node        3.04339e-05
/1t1r_10x10/r2/c0/source_node     -3.24317e-08
xmr22.mide_vmeas_0                -2.10991e-08
probe_int_/1t1r_10x10/r2/c0/drain_node_xmr22    -0.000392691
xmr22.c_v                             1.64e+25
xmr22.t                                    293
/1t1r_10x10/r2/c0/top_electrode_node    -2.10991e-08
xmr22.mide                        -2.10991e-08
/1t1r_10x10/r2/c0/ammeter_drain/plus     -1.9181e-08
/1t1r_10x10/r2/c0/ammeter_drain/minus    -2.10991e-08
probe_int_/1t1r_10x10/r2/c0/ammeter_drain/minus_r43    -2.10991e-08
/1t1r_10x10/r2/c0/ammeter_source/plus    -3.24317e-08
/1t1r_10x10/r2/c0/ammeter_source/minus     -2.9483e-08
probe_int_/1t1r_10x10/r2/c0/ammeter_source/minus_r44     -2.9483e-08
probe_int_/1t1r_10x10/r2/c1/drain_node_mq23_1    -0.000392691
probe_int_/1t1r_10x10/r2/c1/gate_node_mq23_2     3.04339e-05
probe_int_/1t1r_10x10/r2/c1/source_node_mq23_3    -3.24317e-08
probe_int_gnd_mq23_4                         0
/1t1r_10x10/r2/c1/drain_node      -0.000392691
/1t1r_10x10/r2/c1/gate_node        3.04339e-05
/1t1r_10x10/r2/c1/source_node     -3.24317e-08
xmr23.mide_vmeas_0                -2.10991e-08
probe_int_/1t1r_10x10/r2/c1/drain_node_xmr23    -0.000392691
xmr23.c_v                             1.64e+25
xmr23.t                                    293
/1t1r_10x10/r2/c1/top_electrode_node    -2.10991e-08
xmr23.mide                        -2.10991e-08
/1t1r_10x10/r2/c1/ammeter_drain/plus     -1.9181e-08
/1t1r_10x10/r2/c1/ammeter_drain/minus    -2.10991e-08
probe_int_/1t1r_10x10/r2/c1/ammeter_drain/minus_r45    -2.10991e-08
/1t1r_10x10/r2/c1/ammeter_source/plus    -3.24317e-08
/1t1r_10x10/r2/c1/ammeter_source/minus     -2.9483e-08
probe_int_/1t1r_10x10/r2/c1/ammeter_source/minus_r46     -2.9483e-08
probe_int_/1t1r_10x10/r2/c2/drain_node_mq24_1    -0.000392691
probe_int_/1t1r_10x10/r2/c2/gate_node_mq24_2     3.04339e-05
probe_int_/1t1r_10x10/r2/c2/source_node_mq24_3    -3.24317e-08
probe_int_gnd_mq24_4                         0
/1t1r_10x10/r2/c2/drain_node      -0.000392691
/1t1r_10x10/r2/c2/gate_node        3.04339e-05
/1t1r_10x10/r2/c2/source_node     -3.24317e-08
xmr24.mide_vmeas_0                -2.10991e-08
probe_int_/1t1r_10x10/r2/c2/drain_node_xmr24    -0.000392691
xmr24.c_v                             1.64e+25
xmr24.t                                    293
/1t1r_10x10/r2/c2/top_electrode_node    -2.10991e-08
xmr24.mide                        -2.10991e-08
/1t1r_10x10/r2/c2/ammeter_drain/plus     -1.9181e-08
/1t1r_10x10/r2/c2/ammeter_drain/minus    -2.10991e-08
probe_int_/1t1r_10x10/r2/c2/ammeter_drain/minus_r47    -2.10991e-08
/1t1r_10x10/r2/c2/ammeter_source/plus    -3.24317e-08
/1t1r_10x10/r2/c2/ammeter_source/minus     -2.9483e-08
probe_int_/1t1r_10x10/r2/c2/ammeter_source/minus_r48     -2.9483e-08
probe_int_/1t1r_10x10/r2/c7/drain_node_mq25_1    -0.000392691
probe_int_/1t1r_10x10/r2/c7/gate_node_mq25_2     3.04339e-05
probe_int_/1t1r_10x10/r2/c7/source_node_mq25_3    -3.24317e-08
probe_int_gnd_mq25_4                         0
/1t1r_10x10/r2/c7/drain_node      -0.000392691
/1t1r_10x10/r2/c7/gate_node        3.04339e-05
/1t1r_10x10/r2/c7/source_node     -3.24317e-08
xmr25.mide_vmeas_0                -2.10991e-08
probe_int_/1t1r_10x10/r2/c7/drain_node_xmr25    -0.000392691
xmr25.c_v                             1.64e+25
xmr25.t                                    293
/1t1r_10x10/r2/c7/top_electrode_node    -2.10991e-08
xmr25.mide                        -2.10991e-08
/1t1r_10x10/r2/c7/ammeter_drain/plus     -1.9181e-08
/1t1r_10x10/r2/c7/ammeter_drain/minus    -2.10991e-08
probe_int_/1t1r_10x10/r2/c7/ammeter_drain/minus_r49    -2.10991e-08
/1t1r_10x10/r2/c7/ammeter_source/plus    -3.24317e-08
/1t1r_10x10/r2/c7/ammeter_source/minus     -2.9483e-08
probe_int_/1t1r_10x10/r2/c7/ammeter_source/minus_r50     -2.9483e-08
probe_int_/1t1r_10x10/r2/c8/drain_node_mq26_1    -0.000392691
probe_int_/1t1r_10x10/r2/c8/gate_node_mq26_2     3.04339e-05
probe_int_/1t1r_10x10/r2/c8/source_node_mq26_3    -3.24317e-08
probe_int_gnd_mq26_4                         0
/1t1r_10x10/r2/c8/drain_node      -0.000392691
/1t1r_10x10/r2/c8/gate_node        3.04339e-05
/1t1r_10x10/r2/c8/source_node     -3.24317e-08
xmr26.mide_vmeas_0                -2.10991e-08
probe_int_/1t1r_10x10/r2/c8/drain_node_xmr26    -0.000392691
xmr26.c_v                             1.64e+25
xmr26.t                                    293
/1t1r_10x10/r2/c8/top_electrode_node    -2.10991e-08
xmr26.mide                        -2.10991e-08
/1t1r_10x10/r2/c8/ammeter_drain/plus     -1.9181e-08
/1t1r_10x10/r2/c8/ammeter_drain/minus    -2.10991e-08
probe_int_/1t1r_10x10/r2/c8/ammeter_drain/minus_r51    -2.10991e-08
/1t1r_10x10/r2/c8/ammeter_source/plus    -3.24317e-08
/1t1r_10x10/r2/c8/ammeter_source/minus     -2.9483e-08
probe_int_/1t1r_10x10/r2/c8/ammeter_source/minus_r52     -2.9483e-08
probe_int_/1t1r_10x10/r2/c5/drain_node_mq27_1    -0.000392691
probe_int_/1t1r_10x10/r2/c5/gate_node_mq27_2     3.04339e-05
probe_int_/1t1r_10x10/r2/c5/source_node_mq27_3    -3.24317e-08
probe_int_gnd_mq27_4                         0
/1t1r_10x10/r2/c5/drain_node      -0.000392691
/1t1r_10x10/r2/c5/gate_node        3.04339e-05
/1t1r_10x10/r2/c5/source_node     -3.24317e-08
xmr27.mide_vmeas_0                -2.10991e-08
probe_int_/1t1r_10x10/r2/c5/drain_node_xmr27    -0.000392691
xmr27.c_v                             1.64e+25
xmr27.t                                    293
/1t1r_10x10/r2/c5/top_electrode_node    -2.10991e-08
xmr27.mide                        -2.10991e-08
/1t1r_10x10/r2/c5/ammeter_drain/plus     -1.9181e-08
/1t1r_10x10/r2/c5/ammeter_drain/minus    -2.10991e-08
probe_int_/1t1r_10x10/r2/c5/ammeter_drain/minus_r53    -2.10991e-08
/1t1r_10x10/r2/c5/ammeter_source/plus    -3.24317e-08
/1t1r_10x10/r2/c5/ammeter_source/minus     -2.9483e-08
probe_int_/1t1r_10x10/r2/c5/ammeter_source/minus_r54     -2.9483e-08
probe_int_/1t1r_10x10/r2/c6/drain_node_mq28_1    -0.000392691
probe_int_/1t1r_10x10/r2/c6/gate_node_mq28_2     3.04339e-05
probe_int_/1t1r_10x10/r2/c6/source_node_mq28_3    -3.24317e-08
probe_int_gnd_mq28_4                         0
/1t1r_10x10/r2/c6/drain_node      -0.000392691
/1t1r_10x10/r2/c6/gate_node        3.04339e-05
/1t1r_10x10/r2/c6/source_node     -3.24317e-08
xmr28.mide_vmeas_0                -2.10991e-08
probe_int_/1t1r_10x10/r2/c6/drain_node_xmr28    -0.000392691
xmr28.c_v                             1.64e+25
xmr28.t                                    293
/1t1r_10x10/r2/c6/top_electrode_node    -2.10991e-08
xmr28.mide                        -2.10991e-08
/1t1r_10x10/r2/c6/ammeter_drain/plus     -1.9181e-08
/1t1r_10x10/r2/c6/ammeter_drain/minus    -2.10991e-08
probe_int_/1t1r_10x10/r2/c6/ammeter_drain/minus_r55    -2.10991e-08
/1t1r_10x10/r2/c6/ammeter_source/plus    -3.24317e-08
/1t1r_10x10/r2/c6/ammeter_source/minus     -2.9483e-08
probe_int_/1t1r_10x10/r2/c6/ammeter_source/minus_r56     -2.9483e-08
probe_int_/1t1r_10x10/r2/c9/drain_node_mq29_1    -0.000392691
probe_int_/1t1r_10x10/r2/c9/gate_node_mq29_2     3.04339e-05
probe_int_/1t1r_10x10/r2/c9/source_node_mq29_3    -3.24317e-08
probe_int_gnd_mq29_4                         0
/1t1r_10x10/r2/c9/drain_node      -0.000392691
/1t1r_10x10/r2/c9/gate_node        3.04339e-05
/1t1r_10x10/r2/c9/source_node     -3.24317e-08
xmr29.mide_vmeas_0                -2.10991e-08
probe_int_/1t1r_10x10/r2/c9/drain_node_xmr29    -0.000392691
xmr29.c_v                             1.64e+25
xmr29.t                                    293
/1t1r_10x10/r2/c9/top_electrode_node    -2.10991e-08
xmr29.mide                        -2.10991e-08
/1t1r_10x10/r2/c9/ammeter_drain/plus     -1.9181e-08
/1t1r_10x10/r2/c9/ammeter_drain/minus    -2.10991e-08
probe_int_/1t1r_10x10/r2/c9/ammeter_drain/minus_r57    -2.10991e-08
/1t1r_10x10/r2/c9/ammeter_source/plus    -3.24317e-08
/1t1r_10x10/r2/c9/ammeter_source/minus     -2.9483e-08
probe_int_/1t1r_10x10/r2/c9/ammeter_source/minus_r58     -2.9483e-08
probe_int_/1t1r_10x10/r2/c4/drain_node_mq30_1    -0.000392691
probe_int_/1t1r_10x10/r2/c4/gate_node_mq30_2     3.04339e-05
probe_int_/1t1r_10x10/r2/c4/source_node_mq30_3    -3.24317e-08
probe_int_gnd_mq30_4                         0
/1t1r_10x10/r2/c4/drain_node      -0.000392691
/1t1r_10x10/r2/c4/gate_node        3.04339e-05
/1t1r_10x10/r2/c4/source_node     -3.24317e-08
xmr30.mide_vmeas_0                -2.10991e-08
probe_int_/1t1r_10x10/r2/c4/drain_node_xmr30    -0.000392691
xmr30.c_v                             1.64e+25
xmr30.t                                    293
/1t1r_10x10/r2/c4/top_electrode_node    -2.10991e-08
xmr30.mide                        -2.10991e-08
/1t1r_10x10/r2/c4/ammeter_drain/plus     -1.9181e-08
/1t1r_10x10/r2/c4/ammeter_drain/minus    -2.10991e-08
probe_int_/1t1r_10x10/r2/c4/ammeter_drain/minus_r59    -2.10991e-08
/1t1r_10x10/r2/c4/ammeter_source/plus    -3.24317e-08
/1t1r_10x10/r2/c4/ammeter_source/minus     -2.9483e-08
probe_int_/1t1r_10x10/r2/c4/ammeter_source/minus_r60     -2.9483e-08
probe_int_/1t1r_10x10/r3/c3/drain_node_mq31_1    -0.000392691
probe_int_/1t1r_10x10/r3/c3/gate_node_mq31_2     3.04339e-05
probe_int_/1t1r_10x10/r3/c3/source_node_mq31_3    -3.24317e-08
probe_int_gnd_mq31_4                         0
/1t1r_10x10/r3/c3/drain_node      -0.000392691
/1t1r_10x10/r3/c3/gate_node        3.04339e-05
/1t1r_10x10/r3/c3/source_node     -3.24317e-08
/1t1r_10x10/gates3                 3.04339e-05
xmr31.mide_vmeas_0                -2.10991e-08
probe_int_/1t1r_10x10/r3/c3/drain_node_xmr31    -0.000392691
xmr31.c_v                             1.64e+25
xmr31.t                                    293
/1t1r_10x10/r3/c3/top_electrode_node    -2.10991e-08
xmr31.mide                        -2.10991e-08
/1t1r_10x10/row3                   -1.9181e-08
/1t1r_10x10/r3/c3/ammeter_drain/plus     -1.9181e-08
/1t1r_10x10/r3/c3/ammeter_drain/minus    -2.10991e-08
probe_int_/1t1r_10x10/r3/c3/ammeter_drain/minus_r61    -2.10991e-08
/1t1r_10x10/r3/c3/ammeter_source/plus    -3.24317e-08
/1t1r_10x10/r3/c3/ammeter_source/minus     -2.9483e-08
probe_int_/1t1r_10x10/r3/c3/ammeter_source/minus_r62     -2.9483e-08
probe_int_/1t1r_10x10/r3/c0/drain_node_mq32_1    -0.000392691
probe_int_/1t1r_10x10/r3/c0/gate_node_mq32_2     3.04339e-05
probe_int_/1t1r_10x10/r3/c0/source_node_mq32_3    -3.24317e-08
probe_int_gnd_mq32_4                         0
/1t1r_10x10/r3/c0/drain_node      -0.000392691
/1t1r_10x10/r3/c0/gate_node        3.04339e-05
/1t1r_10x10/r3/c0/source_node     -3.24317e-08
xmr32.mide_vmeas_0                -2.10991e-08
probe_int_/1t1r_10x10/r3/c0/drain_node_xmr32    -0.000392691
xmr32.c_v                             1.64e+25
xmr32.t                                    293
/1t1r_10x10/r3/c0/top_electrode_node    -2.10991e-08
xmr32.mide                        -2.10991e-08
/1t1r_10x10/r3/c0/ammeter_drain/plus     -1.9181e-08
/1t1r_10x10/r3/c0/ammeter_drain/minus    -2.10991e-08
probe_int_/1t1r_10x10/r3/c0/ammeter_drain/minus_r63    -2.10991e-08
/1t1r_10x10/r3/c0/ammeter_source/plus    -3.24317e-08
/1t1r_10x10/r3/c0/ammeter_source/minus     -2.9483e-08
probe_int_/1t1r_10x10/r3/c0/ammeter_source/minus_r64     -2.9483e-08
probe_int_/1t1r_10x10/r3/c1/drain_node_mq33_1    -0.000392691
probe_int_/1t1r_10x10/r3/c1/gate_node_mq33_2     3.04339e-05
probe_int_/1t1r_10x10/r3/c1/source_node_mq33_3    -3.24317e-08
probe_int_gnd_mq33_4                         0
/1t1r_10x10/r3/c1/drain_node      -0.000392691
/1t1r_10x10/r3/c1/gate_node        3.04339e-05
/1t1r_10x10/r3/c1/source_node     -3.24317e-08
xmr33.mide_vmeas_0                -2.10991e-08
probe_int_/1t1r_10x10/r3/c1/drain_node_xmr33    -0.000392691
xmr33.c_v                             1.64e+25
xmr33.t                                    293
/1t1r_10x10/r3/c1/top_electrode_node    -2.10991e-08
xmr33.mide                        -2.10991e-08
/1t1r_10x10/r3/c1/ammeter_drain/plus     -1.9181e-08
/1t1r_10x10/r3/c1/ammeter_drain/minus    -2.10991e-08
probe_int_/1t1r_10x10/r3/c1/ammeter_drain/minus_r65    -2.10991e-08
/1t1r_10x10/r3/c1/ammeter_source/plus    -3.24317e-08
/1t1r_10x10/r3/c1/ammeter_source/minus     -2.9483e-08
probe_int_/1t1r_10x10/r3/c1/ammeter_source/minus_r66     -2.9483e-08
probe_int_/1t1r_10x10/r3/c2/drain_node_mq34_1    -0.000392691
probe_int_/1t1r_10x10/r3/c2/gate_node_mq34_2     3.04339e-05
probe_int_/1t1r_10x10/r3/c2/source_node_mq34_3    -3.24317e-08
probe_int_gnd_mq34_4                         0
/1t1r_10x10/r3/c2/drain_node      -0.000392691
/1t1r_10x10/r3/c2/gate_node        3.04339e-05
/1t1r_10x10/r3/c2/source_node     -3.24317e-08
xmr34.mide_vmeas_0                -2.10991e-08
probe_int_/1t1r_10x10/r3/c2/drain_node_xmr34    -0.000392691
xmr34.c_v                             1.64e+25
xmr34.t                                    293
/1t1r_10x10/r3/c2/top_electrode_node    -2.10991e-08
xmr34.mide                        -2.10991e-08
/1t1r_10x10/r3/c2/ammeter_drain/plus     -1.9181e-08
/1t1r_10x10/r3/c2/ammeter_drain/minus    -2.10991e-08
probe_int_/1t1r_10x10/r3/c2/ammeter_drain/minus_r67    -2.10991e-08
/1t1r_10x10/r3/c2/ammeter_source/plus    -3.24317e-08
/1t1r_10x10/r3/c2/ammeter_source/minus     -2.9483e-08
probe_int_/1t1r_10x10/r3/c2/ammeter_source/minus_r68     -2.9483e-08
probe_int_/1t1r_10x10/r3/c7/drain_node_mq35_1    -0.000392691
probe_int_/1t1r_10x10/r3/c7/gate_node_mq35_2     3.04339e-05
probe_int_/1t1r_10x10/r3/c7/source_node_mq35_3    -3.24317e-08
probe_int_gnd_mq35_4                         0
/1t1r_10x10/r3/c7/drain_node      -0.000392691
/1t1r_10x10/r3/c7/gate_node        3.04339e-05
/1t1r_10x10/r3/c7/source_node     -3.24317e-08
xmr35.mide_vmeas_0                -2.10991e-08
probe_int_/1t1r_10x10/r3/c7/drain_node_xmr35    -0.000392691
xmr35.c_v                             1.64e+25
xmr35.t                                    293
/1t1r_10x10/r3/c7/top_electrode_node    -2.10991e-08
xmr35.mide                        -2.10991e-08
/1t1r_10x10/r3/c7/ammeter_drain/plus     -1.9181e-08
/1t1r_10x10/r3/c7/ammeter_drain/minus    -2.10991e-08
probe_int_/1t1r_10x10/r3/c7/ammeter_drain/minus_r69    -2.10991e-08
/1t1r_10x10/r3/c7/ammeter_source/plus    -3.24317e-08
/1t1r_10x10/r3/c7/ammeter_source/minus     -2.9483e-08
probe_int_/1t1r_10x10/r3/c7/ammeter_source/minus_r70     -2.9483e-08
probe_int_/1t1r_10x10/r3/c8/drain_node_mq36_1    -0.000392691
probe_int_/1t1r_10x10/r3/c8/gate_node_mq36_2     3.04339e-05
probe_int_/1t1r_10x10/r3/c8/source_node_mq36_3    -3.24317e-08
probe_int_gnd_mq36_4                         0
/1t1r_10x10/r3/c8/drain_node      -0.000392691
/1t1r_10x10/r3/c8/gate_node        3.04339e-05
/1t1r_10x10/r3/c8/source_node     -3.24317e-08
xmr36.mide_vmeas_0                -2.10991e-08
probe_int_/1t1r_10x10/r3/c8/drain_node_xmr36    -0.000392691
xmr36.c_v                             1.64e+25
xmr36.t                                    293
/1t1r_10x10/r3/c8/top_electrode_node    -2.10991e-08
xmr36.mide                        -2.10991e-08
/1t1r_10x10/r3/c8/ammeter_drain/plus     -1.9181e-08
/1t1r_10x10/r3/c8/ammeter_drain/minus    -2.10991e-08
probe_int_/1t1r_10x10/r3/c8/ammeter_drain/minus_r71    -2.10991e-08
/1t1r_10x10/r3/c8/ammeter_source/plus    -3.24317e-08
/1t1r_10x10/r3/c8/ammeter_source/minus     -2.9483e-08
probe_int_/1t1r_10x10/r3/c8/ammeter_source/minus_r72     -2.9483e-08
probe_int_/1t1r_10x10/r3/c5/drain_node_mq37_1    -0.000392691
probe_int_/1t1r_10x10/r3/c5/gate_node_mq37_2     3.04339e-05
probe_int_/1t1r_10x10/r3/c5/source_node_mq37_3    -3.24317e-08
probe_int_gnd_mq37_4                         0
/1t1r_10x10/r3/c5/drain_node      -0.000392691
/1t1r_10x10/r3/c5/gate_node        3.04339e-05
/1t1r_10x10/r3/c5/source_node     -3.24317e-08
xmr37.mide_vmeas_0                -2.10991e-08
probe_int_/1t1r_10x10/r3/c5/drain_node_xmr37    -0.000392691
xmr37.c_v                             1.64e+25
xmr37.t                                    293
/1t1r_10x10/r3/c5/top_electrode_node    -2.10991e-08
xmr37.mide                        -2.10991e-08
/1t1r_10x10/r3/c5/ammeter_drain/plus     -1.9181e-08
/1t1r_10x10/r3/c5/ammeter_drain/minus    -2.10991e-08
probe_int_/1t1r_10x10/r3/c5/ammeter_drain/minus_r73    -2.10991e-08
/1t1r_10x10/r3/c5/ammeter_source/plus    -3.24317e-08
/1t1r_10x10/r3/c5/ammeter_source/minus     -2.9483e-08
probe_int_/1t1r_10x10/r3/c5/ammeter_source/minus_r74     -2.9483e-08
probe_int_/1t1r_10x10/r3/c6/drain_node_mq38_1    -0.000392691
probe_int_/1t1r_10x10/r3/c6/gate_node_mq38_2     3.04339e-05
probe_int_/1t1r_10x10/r3/c6/source_node_mq38_3    -3.24317e-08
probe_int_gnd_mq38_4                         0
/1t1r_10x10/r3/c6/drain_node      -0.000392691
/1t1r_10x10/r3/c6/gate_node        3.04339e-05
/1t1r_10x10/r3/c6/source_node     -3.24317e-08
xmr38.mide_vmeas_0                -2.10991e-08
probe_int_/1t1r_10x10/r3/c6/drain_node_xmr38    -0.000392691
xmr38.c_v                             1.64e+25
xmr38.t                                    293
/1t1r_10x10/r3/c6/top_electrode_node    -2.10991e-08
xmr38.mide                        -2.10991e-08
/1t1r_10x10/r3/c6/ammeter_drain/plus     -1.9181e-08
/1t1r_10x10/r3/c6/ammeter_drain/minus    -2.10991e-08
probe_int_/1t1r_10x10/r3/c6/ammeter_drain/minus_r75    -2.10991e-08
/1t1r_10x10/r3/c6/ammeter_source/plus    -3.24317e-08
/1t1r_10x10/r3/c6/ammeter_source/minus     -2.9483e-08
probe_int_/1t1r_10x10/r3/c6/ammeter_source/minus_r76     -2.9483e-08
probe_int_/1t1r_10x10/r3/c9/drain_node_mq39_1    -0.000392691
probe_int_/1t1r_10x10/r3/c9/gate_node_mq39_2     3.04339e-05
probe_int_/1t1r_10x10/r3/c9/source_node_mq39_3    -3.24317e-08
probe_int_gnd_mq39_4                         0
/1t1r_10x10/r3/c9/drain_node      -0.000392691
/1t1r_10x10/r3/c9/gate_node        3.04339e-05
/1t1r_10x10/r3/c9/source_node     -3.24317e-08
xmr39.mide_vmeas_0                -2.10991e-08
probe_int_/1t1r_10x10/r3/c9/drain_node_xmr39    -0.000392691
xmr39.c_v                             1.64e+25
xmr39.t                                    293
/1t1r_10x10/r3/c9/top_electrode_node    -2.10991e-08
xmr39.mide                        -2.10991e-08
/1t1r_10x10/r3/c9/ammeter_drain/plus     -1.9181e-08
/1t1r_10x10/r3/c9/ammeter_drain/minus    -2.10991e-08
probe_int_/1t1r_10x10/r3/c9/ammeter_drain/minus_r77    -2.10991e-08
/1t1r_10x10/r3/c9/ammeter_source/plus    -3.24317e-08
/1t1r_10x10/r3/c9/ammeter_source/minus     -2.9483e-08
probe_int_/1t1r_10x10/r3/c9/ammeter_source/minus_r78     -2.9483e-08
probe_int_/1t1r_10x10/r3/c4/drain_node_mq40_1    -0.000392691
probe_int_/1t1r_10x10/r3/c4/gate_node_mq40_2     3.04339e-05
probe_int_/1t1r_10x10/r3/c4/source_node_mq40_3    -3.24317e-08
probe_int_gnd_mq40_4                         0
/1t1r_10x10/r3/c4/drain_node      -0.000392691
/1t1r_10x10/r3/c4/gate_node        3.04339e-05
/1t1r_10x10/r3/c4/source_node     -3.24317e-08
xmr40.mide_vmeas_0                -2.10991e-08
probe_int_/1t1r_10x10/r3/c4/drain_node_xmr40    -0.000392691
xmr40.c_v                             1.64e+25
xmr40.t                                    293
/1t1r_10x10/r3/c4/top_electrode_node    -2.10991e-08
xmr40.mide                        -2.10991e-08
/1t1r_10x10/r3/c4/ammeter_drain/plus     -1.9181e-08
/1t1r_10x10/r3/c4/ammeter_drain/minus    -2.10991e-08
probe_int_/1t1r_10x10/r3/c4/ammeter_drain/minus_r79    -2.10991e-08
/1t1r_10x10/r3/c4/ammeter_source/plus    -3.24317e-08
/1t1r_10x10/r3/c4/ammeter_source/minus     -2.9483e-08
probe_int_/1t1r_10x10/r3/c4/ammeter_source/minus_r80     -2.9483e-08
probe_int_/1t1r_10x10/r4/c3/drain_node_mq41_1    -0.000392691
probe_int_/1t1r_10x10/r4/c3/gate_node_mq41_2     3.04339e-05
probe_int_/1t1r_10x10/r4/c3/source_node_mq41_3    -3.24317e-08
probe_int_gnd_mq41_4                         0
/1t1r_10x10/r4/c3/drain_node      -0.000392691
/1t1r_10x10/r4/c3/gate_node        3.04339e-05
/1t1r_10x10/r4/c3/source_node     -3.24317e-08
/1t1r_10x10/gates4                 3.04339e-05
xmr41.mide_vmeas_0                -2.10991e-08
probe_int_/1t1r_10x10/r4/c3/drain_node_xmr41    -0.000392691
xmr41.c_v                             1.64e+25
xmr41.t                                    293
/1t1r_10x10/r4/c3/top_electrode_node    -2.10991e-08
xmr41.mide                        -2.10991e-08
/1t1r_10x10/row4                   -1.9181e-08
/1t1r_10x10/r4/c3/ammeter_drain/plus     -1.9181e-08
/1t1r_10x10/r4/c3/ammeter_drain/minus    -2.10991e-08
probe_int_/1t1r_10x10/r4/c3/ammeter_drain/minus_r81    -2.10991e-08
/1t1r_10x10/r4/c3/ammeter_source/plus    -3.24317e-08
/1t1r_10x10/r4/c3/ammeter_source/minus     -2.9483e-08
probe_int_/1t1r_10x10/r4/c3/ammeter_source/minus_r82     -2.9483e-08
probe_int_/1t1r_10x10/r4/c0/drain_node_mq42_1    -0.000392691
probe_int_/1t1r_10x10/r4/c0/gate_node_mq42_2     3.04339e-05
probe_int_/1t1r_10x10/r4/c0/source_node_mq42_3    -3.24317e-08
probe_int_gnd_mq42_4                         0
/1t1r_10x10/r4/c0/drain_node      -0.000392691
/1t1r_10x10/r4/c0/gate_node        3.04339e-05
/1t1r_10x10/r4/c0/source_node     -3.24317e-08
xmr42.mide_vmeas_0                -2.10991e-08
probe_int_/1t1r_10x10/r4/c0/drain_node_xmr42    -0.000392691
xmr42.c_v                             1.64e+25
xmr42.t                                    293
/1t1r_10x10/r4/c0/top_electrode_node    -2.10991e-08
xmr42.mide                        -2.10991e-08
/1t1r_10x10/r4/c0/ammeter_drain/plus     -1.9181e-08
/1t1r_10x10/r4/c0/ammeter_drain/minus    -2.10991e-08
probe_int_/1t1r_10x10/r4/c0/ammeter_drain/minus_r83    -2.10991e-08
/1t1r_10x10/r4/c0/ammeter_source/plus    -3.24317e-08
/1t1r_10x10/r4/c0/ammeter_source/minus     -2.9483e-08
probe_int_/1t1r_10x10/r4/c0/ammeter_source/minus_r84     -2.9483e-08
probe_int_/1t1r_10x10/r4/c1/drain_node_mq43_1    -0.000392691
probe_int_/1t1r_10x10/r4/c1/gate_node_mq43_2     3.04339e-05
probe_int_/1t1r_10x10/r4/c1/source_node_mq43_3    -3.24317e-08
probe_int_gnd_mq43_4                         0
/1t1r_10x10/r4/c1/drain_node      -0.000392691
/1t1r_10x10/r4/c1/gate_node        3.04339e-05
/1t1r_10x10/r4/c1/source_node     -3.24317e-08
xmr43.mide_vmeas_0                -2.10991e-08
probe_int_/1t1r_10x10/r4/c1/drain_node_xmr43    -0.000392691
xmr43.c_v                             1.64e+25
xmr43.t                                    293
/1t1r_10x10/r4/c1/top_electrode_node    -2.10991e-08
xmr43.mide                        -2.10991e-08
/1t1r_10x10/r4/c1/ammeter_drain/plus     -1.9181e-08
/1t1r_10x10/r4/c1/ammeter_drain/minus    -2.10991e-08
probe_int_/1t1r_10x10/r4/c1/ammeter_drain/minus_r85    -2.10991e-08
/1t1r_10x10/r4/c1/ammeter_source/plus    -3.24317e-08
/1t1r_10x10/r4/c1/ammeter_source/minus     -2.9483e-08
probe_int_/1t1r_10x10/r4/c1/ammeter_source/minus_r86     -2.9483e-08
probe_int_/1t1r_10x10/r4/c2/drain_node_mq44_1    -0.000392691
probe_int_/1t1r_10x10/r4/c2/gate_node_mq44_2     3.04339e-05
probe_int_/1t1r_10x10/r4/c2/source_node_mq44_3    -3.24317e-08
probe_int_gnd_mq44_4                         0
/1t1r_10x10/r4/c2/drain_node      -0.000392691
/1t1r_10x10/r4/c2/gate_node        3.04339e-05
/1t1r_10x10/r4/c2/source_node     -3.24317e-08
xmr44.mide_vmeas_0                -2.10991e-08
probe_int_/1t1r_10x10/r4/c2/drain_node_xmr44    -0.000392691
xmr44.c_v                             1.64e+25
xmr44.t                                    293
/1t1r_10x10/r4/c2/top_electrode_node    -2.10991e-08
xmr44.mide                        -2.10991e-08
/1t1r_10x10/r4/c2/ammeter_drain/plus     -1.9181e-08
/1t1r_10x10/r4/c2/ammeter_drain/minus    -2.10991e-08
probe_int_/1t1r_10x10/r4/c2/ammeter_drain/minus_r87    -2.10991e-08
/1t1r_10x10/r4/c2/ammeter_source/plus    -3.24317e-08
/1t1r_10x10/r4/c2/ammeter_source/minus     -2.9483e-08
probe_int_/1t1r_10x10/r4/c2/ammeter_source/minus_r88     -2.9483e-08
probe_int_/1t1r_10x10/r4/c7/drain_node_mq45_1    -0.000392691
probe_int_/1t1r_10x10/r4/c7/gate_node_mq45_2     3.04339e-05
probe_int_/1t1r_10x10/r4/c7/source_node_mq45_3    -3.24317e-08
probe_int_gnd_mq45_4                         0
/1t1r_10x10/r4/c7/drain_node      -0.000392691
/1t1r_10x10/r4/c7/gate_node        3.04339e-05
/1t1r_10x10/r4/c7/source_node     -3.24317e-08
xmr45.mide_vmeas_0                -2.10991e-08
probe_int_/1t1r_10x10/r4/c7/drain_node_xmr45    -0.000392691
xmr45.c_v                             1.64e+25
xmr45.t                                    293
/1t1r_10x10/r4/c7/top_electrode_node    -2.10991e-08
xmr45.mide                        -2.10991e-08
/1t1r_10x10/r4/c7/ammeter_drain/plus     -1.9181e-08
/1t1r_10x10/r4/c7/ammeter_drain/minus    -2.10991e-08
probe_int_/1t1r_10x10/r4/c7/ammeter_drain/minus_r89    -2.10991e-08
/1t1r_10x10/r4/c7/ammeter_source/plus    -3.24317e-08
/1t1r_10x10/r4/c7/ammeter_source/minus     -2.9483e-08
probe_int_/1t1r_10x10/r4/c7/ammeter_source/minus_r90     -2.9483e-08
probe_int_/1t1r_10x10/r4/c8/drain_node_mq46_1    -0.000392691
probe_int_/1t1r_10x10/r4/c8/gate_node_mq46_2     3.04339e-05
probe_int_/1t1r_10x10/r4/c8/source_node_mq46_3    -3.24317e-08
probe_int_gnd_mq46_4                         0
/1t1r_10x10/r4/c8/drain_node      -0.000392691
/1t1r_10x10/r4/c8/gate_node        3.04339e-05
/1t1r_10x10/r4/c8/source_node     -3.24317e-08
xmr46.mide_vmeas_0                -2.10991e-08
probe_int_/1t1r_10x10/r4/c8/drain_node_xmr46    -0.000392691
xmr46.c_v                             1.64e+25
xmr46.t                                    293
/1t1r_10x10/r4/c8/top_electrode_node    -2.10991e-08
xmr46.mide                        -2.10991e-08
/1t1r_10x10/r4/c8/ammeter_drain/plus     -1.9181e-08
/1t1r_10x10/r4/c8/ammeter_drain/minus    -2.10991e-08
probe_int_/1t1r_10x10/r4/c8/ammeter_drain/minus_r91    -2.10991e-08
/1t1r_10x10/r4/c8/ammeter_source/plus    -3.24317e-08
/1t1r_10x10/r4/c8/ammeter_source/minus     -2.9483e-08
probe_int_/1t1r_10x10/r4/c8/ammeter_source/minus_r92     -2.9483e-08
probe_int_/1t1r_10x10/r4/c5/drain_node_mq47_1    -0.000392691
probe_int_/1t1r_10x10/r4/c5/gate_node_mq47_2     3.04339e-05
probe_int_/1t1r_10x10/r4/c5/source_node_mq47_3    -3.24317e-08
probe_int_gnd_mq47_4                         0
/1t1r_10x10/r4/c5/drain_node      -0.000392691
/1t1r_10x10/r4/c5/gate_node        3.04339e-05
/1t1r_10x10/r4/c5/source_node     -3.24317e-08
xmr47.mide_vmeas_0                -2.10991e-08
probe_int_/1t1r_10x10/r4/c5/drain_node_xmr47    -0.000392691
xmr47.c_v                             1.64e+25
xmr47.t                                    293
/1t1r_10x10/r4/c5/top_electrode_node    -2.10991e-08
xmr47.mide                        -2.10991e-08
/1t1r_10x10/r4/c5/ammeter_drain/plus     -1.9181e-08
/1t1r_10x10/r4/c5/ammeter_drain/minus    -2.10991e-08
probe_int_/1t1r_10x10/r4/c5/ammeter_drain/minus_r93    -2.10991e-08
/1t1r_10x10/r4/c5/ammeter_source/plus    -3.24317e-08
/1t1r_10x10/r4/c5/ammeter_source/minus     -2.9483e-08
probe_int_/1t1r_10x10/r4/c5/ammeter_source/minus_r94     -2.9483e-08
probe_int_/1t1r_10x10/r4/c6/drain_node_mq48_1    -0.000392691
probe_int_/1t1r_10x10/r4/c6/gate_node_mq48_2     3.04339e-05
probe_int_/1t1r_10x10/r4/c6/source_node_mq48_3    -3.24317e-08
probe_int_gnd_mq48_4                         0
/1t1r_10x10/r4/c6/drain_node      -0.000392691
/1t1r_10x10/r4/c6/gate_node        3.04339e-05
/1t1r_10x10/r4/c6/source_node     -3.24317e-08
xmr48.mide_vmeas_0                -2.10991e-08
probe_int_/1t1r_10x10/r4/c6/drain_node_xmr48    -0.000392691
xmr48.c_v                             1.64e+25
xmr48.t                                    293
/1t1r_10x10/r4/c6/top_electrode_node    -2.10991e-08
xmr48.mide                        -2.10991e-08
/1t1r_10x10/r4/c6/ammeter_drain/plus     -1.9181e-08
/1t1r_10x10/r4/c6/ammeter_drain/minus    -2.10991e-08
probe_int_/1t1r_10x10/r4/c6/ammeter_drain/minus_r95    -2.10991e-08
/1t1r_10x10/r4/c6/ammeter_source/plus    -3.24317e-08
/1t1r_10x10/r4/c6/ammeter_source/minus     -2.9483e-08
probe_int_/1t1r_10x10/r4/c6/ammeter_source/minus_r96     -2.9483e-08
probe_int_/1t1r_10x10/r4/c9/drain_node_mq49_1    -0.000392691
probe_int_/1t1r_10x10/r4/c9/gate_node_mq49_2     3.04339e-05
probe_int_/1t1r_10x10/r4/c9/source_node_mq49_3    -3.24317e-08
probe_int_gnd_mq49_4                         0
/1t1r_10x10/r4/c9/drain_node      -0.000392691
/1t1r_10x10/r4/c9/gate_node        3.04339e-05
/1t1r_10x10/r4/c9/source_node     -3.24317e-08
xmr49.mide_vmeas_0                -2.10991e-08
probe_int_/1t1r_10x10/r4/c9/drain_node_xmr49    -0.000392691
xmr49.c_v                             1.64e+25
xmr49.t                                    293
/1t1r_10x10/r4/c9/top_electrode_node    -2.10991e-08
xmr49.mide                        -2.10991e-08
/voltage_sources/col5/ammeter/red               0
probe_int_gnd_xv257                          0
/voltage_sources/col5/ammeter/plus               0
/voltage_sources/col5/ammeter/minus     -2.9483e-08
probe_int_/voltage_sources/col5/ammeter/minus_r97     -2.9483e-08
/voltage_sources/col6/ammeter/red               0
probe_int_gnd_xv260                          0
/voltage_sources/col6/ammeter/plus               0
/voltage_sources/col6/ammeter/minus     -2.9483e-08
probe_int_/voltage_sources/col6/ammeter/minus_r98     -2.9483e-08
/voltage_sources/col7/ammeter/red               0
probe_int_gnd_xv263                          0
/voltage_sources/col7/ammeter/plus               0
/voltage_sources/col7/ammeter/minus     -2.9483e-08
probe_int_/voltage_sources/col7/ammeter/minus_r99     -2.9483e-08
/voltage_sources/col8/ammeter/red               0
probe_int_gnd_xv266                          0
/voltage_sources/col8/ammeter/plus               0
/voltage_sources/col8/ammeter/minus     -2.9483e-08
probe_int_/voltage_sources/col8/ammeter/minus_r100     -2.9483e-08
/voltage_sources/col9/ammeter/red               0
probe_int_gnd_xv269                          0
/voltage_sources/col9/ammeter/plus               0
/voltage_sources/col9/ammeter/minus     -2.9483e-08
probe_int_/voltage_sources/col9/ammeter/minus_r101     -2.9483e-08
/1t1r_10x10/r4/c9/ammeter_drain/plus     -1.9181e-08
/1t1r_10x10/r4/c9/ammeter_drain/minus    -2.10991e-08
probe_int_/1t1r_10x10/r4/c9/ammeter_drain/minus_r102    -2.10991e-08
/1t1r_10x10/r4/c9/ammeter_source/plus    -3.24317e-08
/1t1r_10x10/r4/c9/ammeter_source/minus     -2.9483e-08
probe_int_/1t1r_10x10/r4/c9/ammeter_source/minus_r103     -2.9483e-08
probe_int_/1t1r_10x10/r4/c4/drain_node_mq50_1    -0.000392691
probe_int_/1t1r_10x10/r4/c4/gate_node_mq50_2     3.04339e-05
probe_int_/1t1r_10x10/r4/c4/source_node_mq50_3    -3.24317e-08
probe_int_gnd_mq50_4                         0
/1t1r_10x10/r4/c4/drain_node      -0.000392691
/1t1r_10x10/r4/c4/gate_node        3.04339e-05
/1t1r_10x10/r4/c4/source_node     -3.24317e-08
xmr50.mide_vmeas_0                -2.10991e-08
probe_int_/1t1r_10x10/r4/c4/drain_node_xmr50    -0.000392691
xmr50.c_v                             1.64e+25
xmr50.t                                    293
/1t1r_10x10/r4/c4/top_electrode_node    -2.10991e-08
xmr50.mide                        -2.10991e-08
/1t1r_10x10/r4/c4/ammeter_drain/plus     -1.9181e-08
/1t1r_10x10/r4/c4/ammeter_drain/minus    -2.10991e-08
probe_int_/1t1r_10x10/r4/c4/ammeter_drain/minus_r104    -2.10991e-08
/1t1r_10x10/r4/c4/ammeter_source/plus    -3.24317e-08
/1t1r_10x10/r4/c4/ammeter_source/minus     -2.9483e-08
probe_int_/1t1r_10x10/r4/c4/ammeter_source/minus_r105     -2.9483e-08
probe_int_/1t1r_10x10/r5/c3/drain_node_mq51_1    -0.000392691
probe_int_/1t1r_10x10/r5/c3/gate_node_mq51_2     3.04339e-05
probe_int_/1t1r_10x10/r5/c3/source_node_mq51_3    -3.24317e-08
probe_int_gnd_mq51_4                         0
/1t1r_10x10/r5/c3/drain_node      -0.000392691
/1t1r_10x10/r5/c3/gate_node        3.04339e-05
/1t1r_10x10/r5/c3/source_node     -3.24317e-08
/1t1r_10x10/gates5                 3.04339e-05
xmr51.mide_vmeas_0                -2.10991e-08
probe_int_/1t1r_10x10/r5/c3/drain_node_xmr51    -0.000392691
xmr51.c_v                             1.64e+25
xmr51.t                                    293
/1t1r_10x10/r5/c3/top_electrode_node    -2.10991e-08
xmr51.mide                        -2.10991e-08
/1t1r_10x10/row5                   -1.9181e-08
/1t1r_10x10/r5/c3/ammeter_drain/plus     -1.9181e-08
/1t1r_10x10/r5/c3/ammeter_drain/minus    -2.10991e-08
probe_int_/1t1r_10x10/r5/c3/ammeter_drain/minus_r106    -2.10991e-08
/1t1r_10x10/r5/c3/ammeter_source/plus    -3.24317e-08
/1t1r_10x10/r5/c3/ammeter_source/minus     -2.9483e-08
probe_int_/1t1r_10x10/r5/c3/ammeter_source/minus_r107     -2.9483e-08
probe_int_/1t1r_10x10/r5/c0/drain_node_mq52_1    -0.000392691
probe_int_/1t1r_10x10/r5/c0/gate_node_mq52_2     3.04339e-05
probe_int_/1t1r_10x10/r5/c0/source_node_mq52_3    -3.24317e-08
probe_int_gnd_mq52_4                         0
/1t1r_10x10/r5/c0/drain_node      -0.000392691
/1t1r_10x10/r5/c0/gate_node        3.04339e-05
/1t1r_10x10/r5/c0/source_node     -3.24317e-08
xmr52.mide_vmeas_0                -2.10991e-08
probe_int_/1t1r_10x10/r5/c0/drain_node_xmr52    -0.000392691
xmr52.c_v                             1.64e+25
xmr52.t                                    293
/1t1r_10x10/r5/c0/top_electrode_node    -2.10991e-08
xmr52.mide                        -2.10991e-08
/1t1r_10x10/r5/c0/ammeter_drain/plus     -1.9181e-08
/1t1r_10x10/r5/c0/ammeter_drain/minus    -2.10991e-08
probe_int_/1t1r_10x10/r5/c0/ammeter_drain/minus_r108    -2.10991e-08
/1t1r_10x10/r5/c0/ammeter_source/plus    -3.24317e-08
/1t1r_10x10/r5/c0/ammeter_source/minus     -2.9483e-08
probe_int_/1t1r_10x10/r5/c0/ammeter_source/minus_r109     -2.9483e-08
probe_int_/1t1r_10x10/r5/c1/drain_node_mq53_1    -0.000392691
probe_int_/1t1r_10x10/r5/c1/gate_node_mq53_2     3.04339e-05
probe_int_/1t1r_10x10/r5/c1/source_node_mq53_3    -3.24317e-08
probe_int_gnd_mq53_4                         0
/1t1r_10x10/r5/c1/drain_node      -0.000392691
/1t1r_10x10/r5/c1/gate_node        3.04339e-05
/1t1r_10x10/r5/c1/source_node     -3.24317e-08
xmr53.mide_vmeas_0                -2.10991e-08
probe_int_/1t1r_10x10/r5/c1/drain_node_xmr53    -0.000392691
xmr53.c_v                             1.64e+25
xmr53.t                                    293
/1t1r_10x10/r5/c1/top_electrode_node    -2.10991e-08
xmr53.mide                        -2.10991e-08
/1t1r_10x10/r5/c1/ammeter_drain/plus     -1.9181e-08
/1t1r_10x10/r5/c1/ammeter_drain/minus    -2.10991e-08
probe_int_/1t1r_10x10/r5/c1/ammeter_drain/minus_r110    -2.10991e-08
/1t1r_10x10/r5/c1/ammeter_source/plus    -3.24317e-08
/1t1r_10x10/r5/c1/ammeter_source/minus     -2.9483e-08
probe_int_/1t1r_10x10/r5/c1/ammeter_source/minus_r111     -2.9483e-08
probe_int_/1t1r_10x10/r5/c2/drain_node_mq54_1    -0.000392691
probe_int_/1t1r_10x10/r5/c2/gate_node_mq54_2     3.04339e-05
probe_int_/1t1r_10x10/r5/c2/source_node_mq54_3    -3.24317e-08
probe_int_gnd_mq54_4                         0
/1t1r_10x10/r5/c2/drain_node      -0.000392691
/1t1r_10x10/r5/c2/gate_node        3.04339e-05
/1t1r_10x10/r5/c2/source_node     -3.24317e-08
xmr54.mide_vmeas_0                -2.10991e-08
probe_int_/1t1r_10x10/r5/c2/drain_node_xmr54    -0.000392691
xmr54.c_v                             1.64e+25
xmr54.t                                    293
/1t1r_10x10/r5/c2/top_electrode_node    -2.10991e-08
xmr54.mide                        -2.10991e-08
/1t1r_10x10/r5/c2/ammeter_drain/plus     -1.9181e-08
/1t1r_10x10/r5/c2/ammeter_drain/minus    -2.10991e-08
probe_int_/1t1r_10x10/r5/c2/ammeter_drain/minus_r112    -2.10991e-08
/1t1r_10x10/r5/c2/ammeter_source/plus    -3.24317e-08
/1t1r_10x10/r5/c2/ammeter_source/minus     -2.9483e-08
probe_int_/1t1r_10x10/r5/c2/ammeter_source/minus_r113     -2.9483e-08
probe_int_/1t1r_10x10/r5/c7/drain_node_mq55_1    -0.000392691
probe_int_/1t1r_10x10/r5/c7/gate_node_mq55_2     3.04339e-05
probe_int_/1t1r_10x10/r5/c7/source_node_mq55_3    -3.24317e-08
probe_int_gnd_mq55_4                         0
/1t1r_10x10/r5/c7/drain_node      -0.000392691
/1t1r_10x10/r5/c7/gate_node        3.04339e-05
/1t1r_10x10/r5/c7/source_node     -3.24317e-08
xmr55.mide_vmeas_0                -2.10991e-08
probe_int_/1t1r_10x10/r5/c7/drain_node_xmr55    -0.000392691
xmr55.c_v                             1.64e+25
xmr55.t                                    293
/1t1r_10x10/r5/c7/top_electrode_node    -2.10991e-08
xmr55.mide                        -2.10991e-08
/1t1r_10x10/r5/c7/ammeter_drain/plus     -1.9181e-08
/1t1r_10x10/r5/c7/ammeter_drain/minus    -2.10991e-08
probe_int_/1t1r_10x10/r5/c7/ammeter_drain/minus_r114    -2.10991e-08
/1t1r_10x10/r5/c7/ammeter_source/plus    -3.24317e-08
/1t1r_10x10/r5/c7/ammeter_source/minus     -2.9483e-08
probe_int_/1t1r_10x10/r5/c7/ammeter_source/minus_r115     -2.9483e-08
probe_int_/1t1r_10x10/r5/c8/drain_node_mq56_1    -0.000392691
probe_int_/1t1r_10x10/r5/c8/gate_node_mq56_2     3.04339e-05
probe_int_/1t1r_10x10/r5/c8/source_node_mq56_3    -3.24317e-08
probe_int_gnd_mq56_4                         0
/1t1r_10x10/r5/c8/drain_node      -0.000392691
/1t1r_10x10/r5/c8/gate_node        3.04339e-05
/1t1r_10x10/r5/c8/source_node     -3.24317e-08
xmr56.mide_vmeas_0                -2.10991e-08
probe_int_/1t1r_10x10/r5/c8/drain_node_xmr56    -0.000392691
xmr56.c_v                             1.64e+25
xmr56.t                                    293
/1t1r_10x10/r5/c8/top_electrode_node    -2.10991e-08
xmr56.mide                        -2.10991e-08
/1t1r_10x10/r5/c8/ammeter_drain/plus     -1.9181e-08
/1t1r_10x10/r5/c8/ammeter_drain/minus    -2.10991e-08
probe_int_/1t1r_10x10/r5/c8/ammeter_drain/minus_r116    -2.10991e-08
/1t1r_10x10/r5/c8/ammeter_source/plus    -3.24317e-08
/1t1r_10x10/r5/c8/ammeter_source/minus     -2.9483e-08
probe_int_/1t1r_10x10/r5/c8/ammeter_source/minus_r117     -2.9483e-08
probe_int_/1t1r_10x10/r5/c5/drain_node_mq57_1    -0.000392691
probe_int_/1t1r_10x10/r5/c5/gate_node_mq57_2     3.04339e-05
probe_int_/1t1r_10x10/r5/c5/source_node_mq57_3    -3.24317e-08
probe_int_gnd_mq57_4                         0
/1t1r_10x10/r5/c5/drain_node      -0.000392691
/1t1r_10x10/r5/c5/gate_node        3.04339e-05
/1t1r_10x10/r5/c5/source_node     -3.24317e-08
xmr57.mide_vmeas_0                -2.10991e-08
probe_int_/1t1r_10x10/r5/c5/drain_node_xmr57    -0.000392691
xmr57.c_v                             1.64e+25
xmr57.t                                    293
/1t1r_10x10/r5/c5/top_electrode_node    -2.10991e-08
xmr57.mide                        -2.10991e-08
/1t1r_10x10/r5/c5/ammeter_drain/plus     -1.9181e-08
/1t1r_10x10/r5/c5/ammeter_drain/minus    -2.10991e-08
probe_int_/1t1r_10x10/r5/c5/ammeter_drain/minus_r118    -2.10991e-08
/1t1r_10x10/r5/c5/ammeter_source/plus    -3.24317e-08
/1t1r_10x10/r5/c5/ammeter_source/minus     -2.9483e-08
probe_int_/1t1r_10x10/r5/c5/ammeter_source/minus_r119     -2.9483e-08
probe_int_/1t1r_10x10/r5/c6/drain_node_mq58_1    -0.000392691
probe_int_/1t1r_10x10/r5/c6/gate_node_mq58_2     3.04339e-05
probe_int_/1t1r_10x10/r5/c6/source_node_mq58_3    -3.24317e-08
probe_int_gnd_mq58_4                         0
/1t1r_10x10/r5/c6/drain_node      -0.000392691
/1t1r_10x10/r5/c6/gate_node        3.04339e-05
/1t1r_10x10/r5/c6/source_node     -3.24317e-08
xmr58.mide_vmeas_0                -2.10991e-08
probe_int_/1t1r_10x10/r5/c6/drain_node_xmr58    -0.000392691
xmr58.c_v                             1.64e+25
xmr58.t                                    293
/1t1r_10x10/r5/c6/top_electrode_node    -2.10991e-08
xmr58.mide                        -2.10991e-08
/1t1r_10x10/r5/c6/ammeter_drain/plus     -1.9181e-08
/1t1r_10x10/r5/c6/ammeter_drain/minus    -2.10991e-08
probe_int_/1t1r_10x10/r5/c6/ammeter_drain/minus_r120    -2.10991e-08
/1t1r_10x10/r5/c6/ammeter_source/plus    -3.24317e-08
/1t1r_10x10/r5/c6/ammeter_source/minus     -2.9483e-08
probe_int_/1t1r_10x10/r5/c6/ammeter_source/minus_r121     -2.9483e-08
probe_int_/1t1r_10x10/r5/c9/drain_node_mq59_1    -0.000392691
probe_int_/1t1r_10x10/r5/c9/gate_node_mq59_2     3.04339e-05
probe_int_/1t1r_10x10/r5/c9/source_node_mq59_3    -3.24317e-08
probe_int_gnd_mq59_4                         0
/1t1r_10x10/r5/c9/drain_node      -0.000392691
/1t1r_10x10/r5/c9/gate_node        3.04339e-05
/1t1r_10x10/r5/c9/source_node     -3.24317e-08
xmr59.mide_vmeas_0                -2.10991e-08
probe_int_/1t1r_10x10/r5/c9/drain_node_xmr59    -0.000392691
xmr59.c_v                             1.64e+25
xmr59.t                                    293
/1t1r_10x10/r5/c9/top_electrode_node    -2.10991e-08
xmr59.mide                        -2.10991e-08
/1t1r_10x10/r5/c9/ammeter_drain/plus     -1.9181e-08
/1t1r_10x10/r5/c9/ammeter_drain/minus    -2.10991e-08
probe_int_/1t1r_10x10/r5/c9/ammeter_drain/minus_r122    -2.10991e-08
/1t1r_10x10/r5/c9/ammeter_source/plus    -3.24317e-08
/1t1r_10x10/r5/c9/ammeter_source/minus     -2.9483e-08
probe_int_/1t1r_10x10/r5/c9/ammeter_source/minus_r123     -2.9483e-08
probe_int_/1t1r_10x10/r5/c4/drain_node_mq60_1    -0.000392691
probe_int_/1t1r_10x10/r5/c4/gate_node_mq60_2     3.04339e-05
probe_int_/1t1r_10x10/r5/c4/source_node_mq60_3    -3.24317e-08
probe_int_gnd_mq60_4                         0
/1t1r_10x10/r5/c4/drain_node      -0.000392691
/1t1r_10x10/r5/c4/gate_node        3.04339e-05
/1t1r_10x10/r5/c4/source_node     -3.24317e-08
xmr60.mide_vmeas_0                -2.10991e-08
probe_int_/1t1r_10x10/r5/c4/drain_node_xmr60    -0.000392691
xmr60.c_v                             1.64e+25
xmr60.t                                    293
/1t1r_10x10/r5/c4/top_electrode_node    -2.10991e-08
xmr60.mide                        -2.10991e-08
/1t1r_10x10/r5/c4/ammeter_drain/plus     -1.9181e-08
/1t1r_10x10/r5/c4/ammeter_drain/minus    -2.10991e-08
probe_int_/1t1r_10x10/r5/c4/ammeter_drain/minus_r124    -2.10991e-08
/1t1r_10x10/r5/c4/ammeter_source/plus    -3.24317e-08
/1t1r_10x10/r5/c4/ammeter_source/minus     -2.9483e-08
probe_int_/1t1r_10x10/r5/c4/ammeter_source/minus_r125     -2.9483e-08
probe_int_/1t1r_10x10/r6/c3/drain_node_mq61_1    -0.000392691
probe_int_/1t1r_10x10/r6/c3/gate_node_mq61_2     3.04339e-05
probe_int_/1t1r_10x10/r6/c3/source_node_mq61_3    -3.24317e-08
probe_int_gnd_mq61_4                         0
/1t1r_10x10/r6/c3/drain_node      -0.000392691
/1t1r_10x10/r6/c3/gate_node        3.04339e-05
/1t1r_10x10/r6/c3/source_node     -3.24317e-08
/1t1r_10x10/gates6                 3.04339e-05
xmr61.mide_vmeas_0                -2.10991e-08
probe_int_/1t1r_10x10/r6/c3/drain_node_xmr61    -0.000392691
xmr61.c_v                             1.64e+25
xmr61.t                                    293
/1t1r_10x10/r6/c3/top_electrode_node    -2.10991e-08
xmr61.mide                        -2.10991e-08
/1t1r_10x10/row6                   -1.9181e-08
/1t1r_10x10/r6/c3/ammeter_drain/plus     -1.9181e-08
/1t1r_10x10/r6/c3/ammeter_drain/minus    -2.10991e-08
probe_int_/1t1r_10x10/r6/c3/ammeter_drain/minus_r126    -2.10991e-08
/1t1r_10x10/r6/c3/ammeter_source/plus    -3.24317e-08
/1t1r_10x10/r6/c3/ammeter_source/minus     -2.9483e-08
probe_int_/1t1r_10x10/r6/c3/ammeter_source/minus_r127     -2.9483e-08
probe_int_/1t1r_10x10/r6/c0/drain_node_mq62_1    -0.000392691
probe_int_/1t1r_10x10/r6/c0/gate_node_mq62_2     3.04339e-05
probe_int_/1t1r_10x10/r6/c0/source_node_mq62_3    -3.24317e-08
probe_int_gnd_mq62_4                         0
/1t1r_10x10/r6/c0/drain_node      -0.000392691
/1t1r_10x10/r6/c0/gate_node        3.04339e-05
/1t1r_10x10/r6/c0/source_node     -3.24317e-08
xmr62.mide_vmeas_0                -2.10991e-08
probe_int_/1t1r_10x10/r6/c0/drain_node_xmr62    -0.000392691
xmr62.c_v                             1.64e+25
xmr62.t                                    293
/1t1r_10x10/r6/c0/top_electrode_node    -2.10991e-08
xmr62.mide                        -2.10991e-08
/1t1r_10x10/r6/c0/ammeter_drain/plus     -1.9181e-08
/1t1r_10x10/r6/c0/ammeter_drain/minus    -2.10991e-08
probe_int_/1t1r_10x10/r6/c0/ammeter_drain/minus_r128    -2.10991e-08
/1t1r_10x10/r6/c0/ammeter_source/plus    -3.24317e-08
/1t1r_10x10/r6/c0/ammeter_source/minus     -2.9483e-08
probe_int_/1t1r_10x10/r6/c0/ammeter_source/minus_r129     -2.9483e-08
probe_int_/1t1r_10x10/r6/c1/drain_node_mq63_1    -0.000392691
probe_int_/1t1r_10x10/r6/c1/gate_node_mq63_2     3.04339e-05
probe_int_/1t1r_10x10/r6/c1/source_node_mq63_3    -3.24317e-08
probe_int_gnd_mq63_4                         0
/1t1r_10x10/r6/c1/drain_node      -0.000392691
/1t1r_10x10/r6/c1/gate_node        3.04339e-05
/1t1r_10x10/r6/c1/source_node     -3.24317e-08
xmr63.mide_vmeas_0                -2.10991e-08
probe_int_/1t1r_10x10/r6/c1/drain_node_xmr63    -0.000392691
xmr63.c_v                             1.64e+25
xmr63.t                                    293
/1t1r_10x10/r6/c1/top_electrode_node    -2.10991e-08
xmr63.mide                        -2.10991e-08
/1t1r_10x10/r6/c1/ammeter_drain/plus     -1.9181e-08
/1t1r_10x10/r6/c1/ammeter_drain/minus    -2.10991e-08
probe_int_/1t1r_10x10/r6/c1/ammeter_drain/minus_r130    -2.10991e-08
/1t1r_10x10/r6/c1/ammeter_source/plus    -3.24317e-08
/1t1r_10x10/r6/c1/ammeter_source/minus     -2.9483e-08
probe_int_/1t1r_10x10/r6/c1/ammeter_source/minus_r131     -2.9483e-08
probe_int_/1t1r_10x10/r6/c2/drain_node_mq64_1    -0.000392691
probe_int_/1t1r_10x10/r6/c2/gate_node_mq64_2     3.04339e-05
probe_int_/1t1r_10x10/r6/c2/source_node_mq64_3    -3.24317e-08
probe_int_gnd_mq64_4                         0
/1t1r_10x10/r6/c2/drain_node      -0.000392691
/1t1r_10x10/r6/c2/gate_node        3.04339e-05
/1t1r_10x10/r6/c2/source_node     -3.24317e-08
xmr64.mide_vmeas_0                -2.10991e-08
probe_int_/1t1r_10x10/r6/c2/drain_node_xmr64    -0.000392691
xmr64.c_v                             1.64e+25
xmr64.t                                    293
/1t1r_10x10/r6/c2/top_electrode_node    -2.10991e-08
xmr64.mide                        -2.10991e-08
/1t1r_10x10/r6/c2/ammeter_drain/plus     -1.9181e-08
/1t1r_10x10/r6/c2/ammeter_drain/minus    -2.10991e-08
probe_int_/1t1r_10x10/r6/c2/ammeter_drain/minus_r132    -2.10991e-08
/1t1r_10x10/r6/c2/ammeter_source/plus    -3.24317e-08
/1t1r_10x10/r6/c2/ammeter_source/minus     -2.9483e-08
probe_int_/1t1r_10x10/r6/c2/ammeter_source/minus_r133     -2.9483e-08
probe_int_/1t1r_10x10/r6/c7/drain_node_mq65_1    -0.000392691
probe_int_/1t1r_10x10/r6/c7/gate_node_mq65_2     3.04339e-05
probe_int_/1t1r_10x10/r6/c7/source_node_mq65_3    -3.24317e-08
probe_int_gnd_mq65_4                         0
/1t1r_10x10/r6/c7/drain_node      -0.000392691
/1t1r_10x10/r6/c7/gate_node        3.04339e-05
/1t1r_10x10/r6/c7/source_node     -3.24317e-08
xmr65.mide_vmeas_0                -2.10991e-08
probe_int_/1t1r_10x10/r6/c7/drain_node_xmr65    -0.000392691
xmr65.c_v                             1.64e+25
xmr65.t                                    293
/1t1r_10x10/r6/c7/top_electrode_node    -2.10991e-08
xmr65.mide                        -2.10991e-08
/1t1r_10x10/r6/c7/ammeter_drain/plus     -1.9181e-08
/1t1r_10x10/r6/c7/ammeter_drain/minus    -2.10991e-08
probe_int_/1t1r_10x10/r6/c7/ammeter_drain/minus_r134    -2.10991e-08
/1t1r_10x10/r6/c7/ammeter_source/plus    -3.24317e-08
/1t1r_10x10/r6/c7/ammeter_source/minus     -2.9483e-08
probe_int_/1t1r_10x10/r6/c7/ammeter_source/minus_r135     -2.9483e-08
probe_int_/1t1r_10x10/r6/c8/drain_node_mq66_1    -0.000392691
probe_int_/1t1r_10x10/r6/c8/gate_node_mq66_2     3.04339e-05
probe_int_/1t1r_10x10/r6/c8/source_node_mq66_3    -3.24317e-08
probe_int_gnd_mq66_4                         0
/1t1r_10x10/r6/c8/drain_node      -0.000392691
/1t1r_10x10/r6/c8/gate_node        3.04339e-05
/1t1r_10x10/r6/c8/source_node     -3.24317e-08
xmr66.mide_vmeas_0                -2.10991e-08
probe_int_/1t1r_10x10/r6/c8/drain_node_xmr66    -0.000392691
xmr66.c_v                             1.64e+25
xmr66.t                                    293
/1t1r_10x10/r6/c8/top_electrode_node    -2.10991e-08
xmr66.mide                        -2.10991e-08
/1t1r_10x10/r6/c8/ammeter_drain/plus     -1.9181e-08
/1t1r_10x10/r6/c8/ammeter_drain/minus    -2.10991e-08
probe_int_/1t1r_10x10/r6/c8/ammeter_drain/minus_r136    -2.10991e-08
/1t1r_10x10/r6/c8/ammeter_source/plus    -3.24317e-08
/1t1r_10x10/r6/c8/ammeter_source/minus     -2.9483e-08
probe_int_/1t1r_10x10/r6/c8/ammeter_source/minus_r137     -2.9483e-08
probe_int_/1t1r_10x10/r6/c5/drain_node_mq67_1    -0.000392691
probe_int_/1t1r_10x10/r6/c5/gate_node_mq67_2     3.04339e-05
probe_int_/1t1r_10x10/r6/c5/source_node_mq67_3    -3.24317e-08
probe_int_gnd_mq67_4                         0
/1t1r_10x10/r6/c5/drain_node      -0.000392691
/1t1r_10x10/r6/c5/gate_node        3.04339e-05
/1t1r_10x10/r6/c5/source_node     -3.24317e-08
xmr67.mide_vmeas_0                -2.10991e-08
probe_int_/1t1r_10x10/r6/c5/drain_node_xmr67    -0.000392691
xmr67.c_v                             1.64e+25
xmr67.t                                    293
/1t1r_10x10/r6/c5/top_electrode_node    -2.10991e-08
xmr67.mide                        -2.10991e-08
/1t1r_10x10/r6/c5/ammeter_drain/plus     -1.9181e-08
/1t1r_10x10/r6/c5/ammeter_drain/minus    -2.10991e-08
probe_int_/1t1r_10x10/r6/c5/ammeter_drain/minus_r138    -2.10991e-08
/1t1r_10x10/r6/c5/ammeter_source/plus    -3.24317e-08
/1t1r_10x10/r6/c5/ammeter_source/minus     -2.9483e-08
probe_int_/1t1r_10x10/r6/c5/ammeter_source/minus_r139     -2.9483e-08
probe_int_/1t1r_10x10/r6/c6/drain_node_mq68_1    -0.000392691
probe_int_/1t1r_10x10/r6/c6/gate_node_mq68_2     3.04339e-05
probe_int_/1t1r_10x10/r6/c6/source_node_mq68_3    -3.24317e-08
probe_int_gnd_mq68_4                         0
/1t1r_10x10/r6/c6/drain_node      -0.000392691
/1t1r_10x10/r6/c6/gate_node        3.04339e-05
/1t1r_10x10/r6/c6/source_node     -3.24317e-08
xmr68.mide_vmeas_0                -2.10991e-08
probe_int_/1t1r_10x10/r6/c6/drain_node_xmr68    -0.000392691
xmr68.c_v                             1.64e+25
xmr68.t                                    293
/1t1r_10x10/r6/c6/top_electrode_node    -2.10991e-08
xmr68.mide                        -2.10991e-08
/1t1r_10x10/r6/c6/ammeter_drain/plus     -1.9181e-08
/1t1r_10x10/r6/c6/ammeter_drain/minus    -2.10991e-08
probe_int_/1t1r_10x10/r6/c6/ammeter_drain/minus_r140    -2.10991e-08
/1t1r_10x10/r6/c6/ammeter_source/plus    -3.24317e-08
/1t1r_10x10/r6/c6/ammeter_source/minus     -2.9483e-08
probe_int_/1t1r_10x10/r6/c6/ammeter_source/minus_r141     -2.9483e-08
probe_int_/1t1r_10x10/r6/c9/drain_node_mq69_1    -0.000392691
probe_int_/1t1r_10x10/r6/c9/gate_node_mq69_2     3.04339e-05
probe_int_/1t1r_10x10/r6/c9/source_node_mq69_3    -3.24317e-08
probe_int_gnd_mq69_4                         0
/1t1r_10x10/r6/c9/drain_node      -0.000392691
/1t1r_10x10/r6/c9/gate_node        3.04339e-05
/1t1r_10x10/r6/c9/source_node     -3.24317e-08
xmr69.mide_vmeas_0                -2.10991e-08
probe_int_/1t1r_10x10/r6/c9/drain_node_xmr69    -0.000392691
xmr69.c_v                             1.64e+25
xmr69.t                                    293
/1t1r_10x10/r6/c9/top_electrode_node    -2.10991e-08
xmr69.mide                        -2.10991e-08
/1t1r_10x10/r6/c9/ammeter_drain/plus     -1.9181e-08
/1t1r_10x10/r6/c9/ammeter_drain/minus    -2.10991e-08
probe_int_/1t1r_10x10/r6/c9/ammeter_drain/minus_r142    -2.10991e-08
/1t1r_10x10/r6/c9/ammeter_source/plus    -3.24317e-08
/1t1r_10x10/r6/c9/ammeter_source/minus     -2.9483e-08
probe_int_/1t1r_10x10/r6/c9/ammeter_source/minus_r143     -2.9483e-08
probe_int_/1t1r_10x10/r6/c4/drain_node_mq70_1    -0.000392691
probe_int_/1t1r_10x10/r6/c4/gate_node_mq70_2     3.04339e-05
probe_int_/1t1r_10x10/r6/c4/source_node_mq70_3    -3.24317e-08
probe_int_gnd_mq70_4                         0
/1t1r_10x10/r6/c4/drain_node      -0.000392691
/1t1r_10x10/r6/c4/gate_node        3.04339e-05
/1t1r_10x10/r6/c4/source_node     -3.24317e-08
xmr70.mide_vmeas_0                -2.10991e-08
probe_int_/1t1r_10x10/r6/c4/drain_node_xmr70    -0.000392691
xmr70.c_v                             1.64e+25
xmr70.t                                    293
/1t1r_10x10/r6/c4/top_electrode_node    -2.10991e-08
xmr70.mide                        -2.10991e-08
/1t1r_10x10/r6/c4/ammeter_drain/plus     -1.9181e-08
/1t1r_10x10/r6/c4/ammeter_drain/minus    -2.10991e-08
probe_int_/1t1r_10x10/r6/c4/ammeter_drain/minus_r144    -2.10991e-08
/1t1r_10x10/r6/c4/ammeter_source/plus    -3.24317e-08
/1t1r_10x10/r6/c4/ammeter_source/minus     -2.9483e-08
probe_int_/1t1r_10x10/r6/c4/ammeter_source/minus_r145     -2.9483e-08
probe_int_/1t1r_10x10/r7/c3/drain_node_mq71_1    -0.000392691
probe_int_/1t1r_10x10/r7/c3/gate_node_mq71_2     3.04339e-05
probe_int_/1t1r_10x10/r7/c3/source_node_mq71_3    -3.24317e-08
probe_int_gnd_mq71_4                         0
/1t1r_10x10/r7/c3/drain_node      -0.000392691
/1t1r_10x10/r7/c3/gate_node        3.04339e-05
/1t1r_10x10/r7/c3/source_node     -3.24317e-08
/1t1r_10x10/gates7                 3.04339e-05
xmr71.mide_vmeas_0                -2.10991e-08
probe_int_/1t1r_10x10/r7/c3/drain_node_xmr71    -0.000392691
xmr71.c_v                             1.64e+25
xmr71.t                                    293
/1t1r_10x10/r7/c3/top_electrode_node    -2.10991e-08
xmr71.mide                        -2.10991e-08
/1t1r_10x10/row7                   -1.9181e-08
/1t1r_10x10/r7/c3/ammeter_drain/plus     -1.9181e-08
/1t1r_10x10/r7/c3/ammeter_drain/minus    -2.10991e-08
probe_int_/1t1r_10x10/r7/c3/ammeter_drain/minus_r146    -2.10991e-08
/1t1r_10x10/r7/c3/ammeter_source/plus    -3.24317e-08
/1t1r_10x10/r7/c3/ammeter_source/minus     -2.9483e-08
probe_int_/1t1r_10x10/r7/c3/ammeter_source/minus_r147     -2.9483e-08
probe_int_/1t1r_10x10/r7/c0/drain_node_mq72_1    -0.000392691
probe_int_/1t1r_10x10/r7/c0/gate_node_mq72_2     3.04339e-05
probe_int_/1t1r_10x10/r7/c0/source_node_mq72_3    -3.24317e-08
probe_int_gnd_mq72_4                         0
/1t1r_10x10/r7/c0/drain_node      -0.000392691
/1t1r_10x10/r7/c0/gate_node        3.04339e-05
/1t1r_10x10/r7/c0/source_node     -3.24317e-08
xmr72.mide_vmeas_0                -2.10991e-08
probe_int_/1t1r_10x10/r7/c0/drain_node_xmr72    -0.000392691
xmr72.c_v                             1.64e+25
xmr72.t                                    293
/1t1r_10x10/r7/c0/top_electrode_node    -2.10991e-08
xmr72.mide                        -2.10991e-08
/1t1r_10x10/r7/c0/ammeter_drain/plus     -1.9181e-08
/1t1r_10x10/r7/c0/ammeter_drain/minus    -2.10991e-08
probe_int_/1t1r_10x10/r7/c0/ammeter_drain/minus_r148    -2.10991e-08
/1t1r_10x10/r7/c0/ammeter_source/plus    -3.24317e-08
/1t1r_10x10/r7/c0/ammeter_source/minus     -2.9483e-08
probe_int_/1t1r_10x10/r7/c0/ammeter_source/minus_r149     -2.9483e-08
probe_int_/1t1r_10x10/r7/c1/drain_node_mq73_1    -0.000392691
probe_int_/1t1r_10x10/r7/c1/gate_node_mq73_2     3.04339e-05
probe_int_/1t1r_10x10/r7/c1/source_node_mq73_3    -3.24317e-08
probe_int_gnd_mq73_4                         0
/1t1r_10x10/r7/c1/drain_node      -0.000392691
/1t1r_10x10/r7/c1/gate_node        3.04339e-05
/1t1r_10x10/r7/c1/source_node     -3.24317e-08
xmr73.mide_vmeas_0                -2.10991e-08
probe_int_/1t1r_10x10/r7/c1/drain_node_xmr73    -0.000392691
xmr73.c_v                             1.64e+25
xmr73.t                                    293
/1t1r_10x10/r7/c1/top_electrode_node    -2.10991e-08
xmr73.mide                        -2.10991e-08
/1t1r_10x10/r7/c1/ammeter_drain/plus     -1.9181e-08
/1t1r_10x10/r7/c1/ammeter_drain/minus    -2.10991e-08
probe_int_/1t1r_10x10/r7/c1/ammeter_drain/minus_r150    -2.10991e-08
/1t1r_10x10/r7/c1/ammeter_source/plus    -3.24317e-08
/1t1r_10x10/r7/c1/ammeter_source/minus     -2.9483e-08
probe_int_/1t1r_10x10/r7/c1/ammeter_source/minus_r151     -2.9483e-08
probe_int_/1t1r_10x10/r7/c2/drain_node_mq74_1    -0.000392691
probe_int_/1t1r_10x10/r7/c2/gate_node_mq74_2     3.04339e-05
probe_int_/1t1r_10x10/r7/c2/source_node_mq74_3    -3.24317e-08
probe_int_gnd_mq74_4                         0
/1t1r_10x10/r7/c2/drain_node      -0.000392691
/1t1r_10x10/r7/c2/gate_node        3.04339e-05
/1t1r_10x10/r7/c2/source_node     -3.24317e-08
xmr74.mide_vmeas_0                -2.10991e-08
probe_int_/1t1r_10x10/r7/c2/drain_node_xmr74    -0.000392691
xmr74.c_v                             1.64e+25
xmr74.t                                    293
/1t1r_10x10/r7/c2/top_electrode_node    -2.10991e-08
xmr74.mide                        -2.10991e-08
/1t1r_10x10/r7/c2/ammeter_drain/plus     -1.9181e-08
/1t1r_10x10/r7/c2/ammeter_drain/minus    -2.10991e-08
probe_int_/1t1r_10x10/r7/c2/ammeter_drain/minus_r152    -2.10991e-08
/1t1r_10x10/r7/c2/ammeter_source/plus    -3.24317e-08
/1t1r_10x10/r7/c2/ammeter_source/minus     -2.9483e-08
probe_int_/1t1r_10x10/r7/c2/ammeter_source/minus_r153     -2.9483e-08
probe_int_/1t1r_10x10/r7/c7/drain_node_mq75_1    -0.000392691
probe_int_/1t1r_10x10/r7/c7/gate_node_mq75_2     3.04339e-05
probe_int_/1t1r_10x10/r7/c7/source_node_mq75_3    -3.24317e-08
probe_int_gnd_mq75_4                         0
/1t1r_10x10/r7/c7/drain_node      -0.000392691
/1t1r_10x10/r7/c7/gate_node        3.04339e-05
/1t1r_10x10/r7/c7/source_node     -3.24317e-08
xmr75.mide_vmeas_0                -2.10991e-08
probe_int_/1t1r_10x10/r7/c7/drain_node_xmr75    -0.000392691
xmr75.c_v                             1.64e+25
xmr75.t                                    293
/1t1r_10x10/r7/c7/top_electrode_node    -2.10991e-08
xmr75.mide                        -2.10991e-08
/1t1r_10x10/r7/c7/ammeter_drain/plus     -1.9181e-08
/1t1r_10x10/r7/c7/ammeter_drain/minus    -2.10991e-08
probe_int_/1t1r_10x10/r7/c7/ammeter_drain/minus_r154    -2.10991e-08
/1t1r_10x10/r7/c7/ammeter_source/plus    -3.24317e-08
/1t1r_10x10/r7/c7/ammeter_source/minus     -2.9483e-08
probe_int_/1t1r_10x10/r7/c7/ammeter_source/minus_r155     -2.9483e-08
probe_int_/1t1r_10x10/r7/c8/drain_node_mq76_1    -0.000392691
probe_int_/1t1r_10x10/r7/c8/gate_node_mq76_2     3.04339e-05
probe_int_/1t1r_10x10/r7/c8/source_node_mq76_3    -3.24317e-08
probe_int_gnd_mq76_4                         0
/1t1r_10x10/r7/c8/drain_node      -0.000392691
/1t1r_10x10/r7/c8/gate_node        3.04339e-05
/1t1r_10x10/r7/c8/source_node     -3.24317e-08
xmr76.mide_vmeas_0                -2.10991e-08
probe_int_/1t1r_10x10/r7/c8/drain_node_xmr76    -0.000392691
xmr76.c_v                             1.64e+25
xmr76.t                                    293
/1t1r_10x10/r7/c8/top_electrode_node    -2.10991e-08
xmr76.mide                        -2.10991e-08
/1t1r_10x10/r7/c8/ammeter_drain/plus     -1.9181e-08
/1t1r_10x10/r7/c8/ammeter_drain/minus    -2.10991e-08
probe_int_/1t1r_10x10/r7/c8/ammeter_drain/minus_r156    -2.10991e-08
/1t1r_10x10/r7/c8/ammeter_source/plus    -3.24317e-08
/1t1r_10x10/r7/c8/ammeter_source/minus     -2.9483e-08
probe_int_/1t1r_10x10/r7/c8/ammeter_source/minus_r157     -2.9483e-08
probe_int_/1t1r_10x10/r7/c5/drain_node_mq77_1    -0.000392691
probe_int_/1t1r_10x10/r7/c5/gate_node_mq77_2     3.04339e-05
probe_int_/1t1r_10x10/r7/c5/source_node_mq77_3    -3.24317e-08
probe_int_gnd_mq77_4                         0
/1t1r_10x10/r7/c5/drain_node      -0.000392691
/1t1r_10x10/r7/c5/gate_node        3.04339e-05
/1t1r_10x10/r7/c5/source_node     -3.24317e-08
xmr77.mide_vmeas_0                -2.10991e-08
probe_int_/1t1r_10x10/r7/c5/drain_node_xmr77    -0.000392691
xmr77.c_v                             1.64e+25
xmr77.t                                    293
/1t1r_10x10/r7/c5/top_electrode_node    -2.10991e-08
xmr77.mide                        -2.10991e-08
/1t1r_10x10/r7/c5/ammeter_drain/plus     -1.9181e-08
/1t1r_10x10/r7/c5/ammeter_drain/minus    -2.10991e-08
probe_int_/1t1r_10x10/r7/c5/ammeter_drain/minus_r158    -2.10991e-08
/1t1r_10x10/r7/c5/ammeter_source/plus    -3.24317e-08
/1t1r_10x10/r7/c5/ammeter_source/minus     -2.9483e-08
probe_int_/1t1r_10x10/r7/c5/ammeter_source/minus_r159     -2.9483e-08
probe_int_/1t1r_10x10/r7/c6/drain_node_mq78_1    -0.000392691
probe_int_/1t1r_10x10/r7/c6/gate_node_mq78_2     3.04339e-05
probe_int_/1t1r_10x10/r7/c6/source_node_mq78_3    -3.24317e-08
probe_int_gnd_mq78_4                         0
/1t1r_10x10/r7/c6/drain_node      -0.000392691
/1t1r_10x10/r7/c6/gate_node        3.04339e-05
/1t1r_10x10/r7/c6/source_node     -3.24317e-08
xmr78.mide_vmeas_0                -2.10991e-08
probe_int_/1t1r_10x10/r7/c6/drain_node_xmr78    -0.000392691
xmr78.c_v                             1.64e+25
xmr78.t                                    293
/1t1r_10x10/r7/c6/top_electrode_node    -2.10991e-08
xmr78.mide                        -2.10991e-08
/1t1r_10x10/r7/c6/ammeter_drain/plus     -1.9181e-08
/1t1r_10x10/r7/c6/ammeter_drain/minus    -2.10991e-08
probe_int_/1t1r_10x10/r7/c6/ammeter_drain/minus_r160    -2.10991e-08
/1t1r_10x10/r7/c6/ammeter_source/plus    -3.24317e-08
/1t1r_10x10/r7/c6/ammeter_source/minus     -2.9483e-08
probe_int_/1t1r_10x10/r7/c6/ammeter_source/minus_r161     -2.9483e-08
probe_int_/1t1r_10x10/r7/c9/drain_node_mq79_1    -0.000392691
probe_int_/1t1r_10x10/r7/c9/gate_node_mq79_2     3.04339e-05
probe_int_/1t1r_10x10/r7/c9/source_node_mq79_3    -3.24317e-08
probe_int_gnd_mq79_4                         0
/1t1r_10x10/r7/c9/drain_node      -0.000392691
/1t1r_10x10/r7/c9/gate_node        3.04339e-05
/1t1r_10x10/r7/c9/source_node     -3.24317e-08
xmr79.mide_vmeas_0                -2.10991e-08
probe_int_/1t1r_10x10/r7/c9/drain_node_xmr79    -0.000392691
xmr79.c_v                             1.64e+25
xmr79.t                                    293
/1t1r_10x10/r7/c9/top_electrode_node    -2.10991e-08
xmr79.mide                        -2.10991e-08
/1t1r_10x10/r7/c9/ammeter_drain/plus     -1.9181e-08
/1t1r_10x10/r7/c9/ammeter_drain/minus    -2.10991e-08
probe_int_/1t1r_10x10/r7/c9/ammeter_drain/minus_r162    -2.10991e-08
/1t1r_10x10/r7/c9/ammeter_source/plus    -3.24317e-08
/1t1r_10x10/r7/c9/ammeter_source/minus     -2.9483e-08
probe_int_/1t1r_10x10/r7/c9/ammeter_source/minus_r163     -2.9483e-08
probe_int_/1t1r_10x10/r7/c4/drain_node_mq80_1    -0.000392691
probe_int_/1t1r_10x10/r7/c4/gate_node_mq80_2     3.04339e-05
probe_int_/1t1r_10x10/r7/c4/source_node_mq80_3    -3.24317e-08
probe_int_gnd_mq80_4                         0
/1t1r_10x10/r7/c4/drain_node      -0.000392691
/1t1r_10x10/r7/c4/gate_node        3.04339e-05
/1t1r_10x10/r7/c4/source_node     -3.24317e-08
xmr80.mide_vmeas_0                -2.10991e-08
probe_int_/1t1r_10x10/r7/c4/drain_node_xmr80    -0.000392691
xmr80.c_v                             1.64e+25
xmr80.t                                    293
/1t1r_10x10/r7/c4/top_electrode_node    -2.10991e-08
xmr80.mide                        -2.10991e-08
/1t1r_10x10/r7/c4/ammeter_drain/plus     -1.9181e-08
/1t1r_10x10/r7/c4/ammeter_drain/minus    -2.10991e-08
probe_int_/1t1r_10x10/r7/c4/ammeter_drain/minus_r164    -2.10991e-08
/1t1r_10x10/r7/c4/ammeter_source/plus    -3.24317e-08
/1t1r_10x10/r7/c4/ammeter_source/minus     -2.9483e-08
probe_int_/1t1r_10x10/r7/c4/ammeter_source/minus_r165     -2.9483e-08
probe_int_/1t1r_10x10/r8/c3/drain_node_mq81_1    -0.000392691
probe_int_/1t1r_10x10/r8/c3/gate_node_mq81_2     3.04339e-05
probe_int_/1t1r_10x10/r8/c3/source_node_mq81_3    -3.24317e-08
probe_int_gnd_mq81_4                         0
/1t1r_10x10/r8/c3/drain_node      -0.000392691
/1t1r_10x10/r8/c3/gate_node        3.04339e-05
/1t1r_10x10/r8/c3/source_node     -3.24317e-08
/1t1r_10x10/gates8                 3.04339e-05
xmr81.mide_vmeas_0                -2.10991e-08
probe_int_/1t1r_10x10/r8/c3/drain_node_xmr81    -0.000392691
xmr81.c_v                             1.64e+25
xmr81.t                                    293
/1t1r_10x10/r8/c3/top_electrode_node    -2.10991e-08
xmr81.mide                        -2.10991e-08
/1t1r_10x10/row8                   -1.9181e-08
/1t1r_10x10/r8/c3/ammeter_drain/plus     -1.9181e-08
/1t1r_10x10/r8/c3/ammeter_drain/minus    -2.10991e-08
probe_int_/1t1r_10x10/r8/c3/ammeter_drain/minus_r166    -2.10991e-08
/1t1r_10x10/r8/c3/ammeter_source/plus    -3.24317e-08
/1t1r_10x10/r8/c3/ammeter_source/minus     -2.9483e-08
probe_int_/1t1r_10x10/r8/c3/ammeter_source/minus_r167     -2.9483e-08
probe_int_/1t1r_10x10/r8/c0/drain_node_mq82_1    -0.000392691
probe_int_/1t1r_10x10/r8/c0/gate_node_mq82_2     3.04339e-05
probe_int_/1t1r_10x10/r8/c0/source_node_mq82_3    -3.24317e-08
probe_int_gnd_mq82_4                         0
/1t1r_10x10/r8/c0/drain_node      -0.000392691
/1t1r_10x10/r8/c0/gate_node        3.04339e-05
/1t1r_10x10/r8/c0/source_node     -3.24317e-08
xmr82.mide_vmeas_0                -2.10991e-08
probe_int_/1t1r_10x10/r8/c0/drain_node_xmr82    -0.000392691
xmr82.c_v                             1.64e+25
xmr82.t                                    293
/1t1r_10x10/r8/c0/top_electrode_node    -2.10991e-08
xmr82.mide                        -2.10991e-08
/1t1r_10x10/r8/c0/ammeter_drain/plus     -1.9181e-08
/1t1r_10x10/r8/c0/ammeter_drain/minus    -2.10991e-08
probe_int_/1t1r_10x10/r8/c0/ammeter_drain/minus_r168    -2.10991e-08
/1t1r_10x10/r8/c0/ammeter_source/plus    -3.24317e-08
/1t1r_10x10/r8/c0/ammeter_source/minus     -2.9483e-08
probe_int_/1t1r_10x10/r8/c0/ammeter_source/minus_r169     -2.9483e-08
probe_int_/1t1r_10x10/r8/c1/drain_node_mq83_1    -0.000392691
probe_int_/1t1r_10x10/r8/c1/gate_node_mq83_2     3.04339e-05
probe_int_/1t1r_10x10/r8/c1/source_node_mq83_3    -3.24317e-08
probe_int_gnd_mq83_4                         0
/1t1r_10x10/r8/c1/drain_node      -0.000392691
/1t1r_10x10/r8/c1/gate_node        3.04339e-05
/1t1r_10x10/r8/c1/source_node     -3.24317e-08
xmr83.mide_vmeas_0                -2.10991e-08
probe_int_/1t1r_10x10/r8/c1/drain_node_xmr83    -0.000392691
xmr83.c_v                             1.64e+25
xmr83.t                                    293
/1t1r_10x10/r8/c1/top_electrode_node    -2.10991e-08
xmr83.mide                        -2.10991e-08
/1t1r_10x10/r8/c1/ammeter_drain/plus     -1.9181e-08
/1t1r_10x10/r8/c1/ammeter_drain/minus    -2.10991e-08
probe_int_/1t1r_10x10/r8/c1/ammeter_drain/minus_r170    -2.10991e-08
/1t1r_10x10/r8/c1/ammeter_source/plus    -3.24317e-08
/1t1r_10x10/r8/c1/ammeter_source/minus     -2.9483e-08
probe_int_/1t1r_10x10/r8/c1/ammeter_source/minus_r171     -2.9483e-08
probe_int_/1t1r_10x10/r8/c2/drain_node_mq84_1    -0.000392691
probe_int_/1t1r_10x10/r8/c2/gate_node_mq84_2     3.04339e-05
probe_int_/1t1r_10x10/r8/c2/source_node_mq84_3    -3.24317e-08
probe_int_gnd_mq84_4                         0
/1t1r_10x10/r8/c2/drain_node      -0.000392691
/1t1r_10x10/r8/c2/gate_node        3.04339e-05
/1t1r_10x10/r8/c2/source_node     -3.24317e-08
xmr84.mide_vmeas_0                -2.10991e-08
probe_int_/1t1r_10x10/r8/c2/drain_node_xmr84    -0.000392691
xmr84.c_v                             1.64e+25
xmr84.t                                    293
/1t1r_10x10/r8/c2/top_electrode_node    -2.10991e-08
xmr84.mide                        -2.10991e-08
/1t1r_10x10/r8/c2/ammeter_drain/plus     -1.9181e-08
/1t1r_10x10/r8/c2/ammeter_drain/minus    -2.10991e-08
probe_int_/1t1r_10x10/r8/c2/ammeter_drain/minus_r172    -2.10991e-08
/1t1r_10x10/r8/c2/ammeter_source/plus    -3.24317e-08
/1t1r_10x10/r8/c2/ammeter_source/minus     -2.9483e-08
probe_int_/1t1r_10x10/r8/c2/ammeter_source/minus_r173     -2.9483e-08
probe_int_/1t1r_10x10/r8/c7/drain_node_mq85_1    -0.000392691
probe_int_/1t1r_10x10/r8/c7/gate_node_mq85_2     3.04339e-05
probe_int_/1t1r_10x10/r8/c7/source_node_mq85_3    -3.24317e-08
probe_int_gnd_mq85_4                         0
/1t1r_10x10/r8/c7/drain_node      -0.000392691
/1t1r_10x10/r8/c7/gate_node        3.04339e-05
/1t1r_10x10/r8/c7/source_node     -3.24317e-08
xmr85.mide_vmeas_0                -2.10991e-08
probe_int_/1t1r_10x10/r8/c7/drain_node_xmr85    -0.000392691
xmr85.c_v                             1.64e+25
xmr85.t                                    293
/1t1r_10x10/r8/c7/top_electrode_node    -2.10991e-08
xmr85.mide                        -2.10991e-08
/1t1r_10x10/r8/c7/ammeter_drain/plus     -1.9181e-08
/1t1r_10x10/r8/c7/ammeter_drain/minus    -2.10991e-08
probe_int_/1t1r_10x10/r8/c7/ammeter_drain/minus_r174    -2.10991e-08
/1t1r_10x10/r8/c7/ammeter_source/plus    -3.24317e-08
/1t1r_10x10/r8/c7/ammeter_source/minus     -2.9483e-08
probe_int_/1t1r_10x10/r8/c7/ammeter_source/minus_r175     -2.9483e-08
probe_int_/1t1r_10x10/r8/c8/drain_node_mq86_1    -0.000392691
probe_int_/1t1r_10x10/r8/c8/gate_node_mq86_2     3.04339e-05
probe_int_/1t1r_10x10/r8/c8/source_node_mq86_3    -3.24317e-08
probe_int_gnd_mq86_4                         0
/1t1r_10x10/r8/c8/drain_node      -0.000392691
/1t1r_10x10/r8/c8/gate_node        3.04339e-05
/1t1r_10x10/r8/c8/source_node     -3.24317e-08
xmr86.mide_vmeas_0                -2.10991e-08
probe_int_/1t1r_10x10/r8/c8/drain_node_xmr86    -0.000392691
xmr86.c_v                             1.64e+25
xmr86.t                                    293
/1t1r_10x10/r8/c8/top_electrode_node    -2.10991e-08
xmr86.mide                        -2.10991e-08
/1t1r_10x10/r8/c8/ammeter_drain/plus     -1.9181e-08
/1t1r_10x10/r8/c8/ammeter_drain/minus    -2.10991e-08
probe_int_/1t1r_10x10/r8/c8/ammeter_drain/minus_r176    -2.10991e-08
/1t1r_10x10/r8/c8/ammeter_source/plus    -3.24317e-08
/1t1r_10x10/r8/c8/ammeter_source/minus     -2.9483e-08
probe_int_/1t1r_10x10/r8/c8/ammeter_source/minus_r177     -2.9483e-08
probe_int_/1t1r_10x10/r8/c5/drain_node_mq87_1    -0.000392691
probe_int_/1t1r_10x10/r8/c5/gate_node_mq87_2     3.04339e-05
probe_int_/1t1r_10x10/r8/c5/source_node_mq87_3    -3.24317e-08
probe_int_gnd_mq87_4                         0
/1t1r_10x10/r8/c5/drain_node      -0.000392691
/1t1r_10x10/r8/c5/gate_node        3.04339e-05
/1t1r_10x10/r8/c5/source_node     -3.24317e-08
xmr87.mide_vmeas_0                -2.10991e-08
probe_int_/1t1r_10x10/r8/c5/drain_node_xmr87    -0.000392691
xmr87.c_v                             1.64e+25
xmr87.t                                    293
/1t1r_10x10/r8/c5/top_electrode_node    -2.10991e-08
xmr87.mide                        -2.10991e-08
/1t1r_10x10/r8/c5/ammeter_drain/plus     -1.9181e-08
/1t1r_10x10/r8/c5/ammeter_drain/minus    -2.10991e-08
probe_int_/1t1r_10x10/r8/c5/ammeter_drain/minus_r178    -2.10991e-08
/1t1r_10x10/r8/c5/ammeter_source/plus    -3.24317e-08
/1t1r_10x10/r8/c5/ammeter_source/minus     -2.9483e-08
probe_int_/1t1r_10x10/r8/c5/ammeter_source/minus_r179     -2.9483e-08
probe_int_/1t1r_10x10/r8/c6/drain_node_mq88_1    -0.000392691
probe_int_/1t1r_10x10/r8/c6/gate_node_mq88_2     3.04339e-05
probe_int_/1t1r_10x10/r8/c6/source_node_mq88_3    -3.24317e-08
probe_int_gnd_mq88_4                         0
/1t1r_10x10/r8/c6/drain_node      -0.000392691
/1t1r_10x10/r8/c6/gate_node        3.04339e-05
/1t1r_10x10/r8/c6/source_node     -3.24317e-08
xmr88.mide_vmeas_0                -2.10991e-08
probe_int_/1t1r_10x10/r8/c6/drain_node_xmr88    -0.000392691
xmr88.c_v                             1.64e+25
xmr88.t                                    293
/1t1r_10x10/r8/c6/top_electrode_node    -2.10991e-08
xmr88.mide                        -2.10991e-08
/1t1r_10x10/r8/c6/ammeter_drain/plus     -1.9181e-08
/1t1r_10x10/r8/c6/ammeter_drain/minus    -2.10991e-08
probe_int_/1t1r_10x10/r8/c6/ammeter_drain/minus_r180    -2.10991e-08
/1t1r_10x10/r8/c6/ammeter_source/plus    -3.24317e-08
/1t1r_10x10/r8/c6/ammeter_source/minus     -2.9483e-08
probe_int_/1t1r_10x10/r8/c6/ammeter_source/minus_r181     -2.9483e-08
probe_int_/1t1r_10x10/r8/c9/drain_node_mq89_1    -0.000392691
probe_int_/1t1r_10x10/r8/c9/gate_node_mq89_2     3.04339e-05
probe_int_/1t1r_10x10/r8/c9/source_node_mq89_3    -3.24317e-08
probe_int_gnd_mq89_4                         0
/1t1r_10x10/r8/c9/drain_node      -0.000392691
/1t1r_10x10/r8/c9/gate_node        3.04339e-05
/1t1r_10x10/r8/c9/source_node     -3.24317e-08
xmr89.mide_vmeas_0                -2.10991e-08
probe_int_/1t1r_10x10/r8/c9/drain_node_xmr89    -0.000392691
xmr89.c_v                             1.64e+25
xmr89.t                                    293
/1t1r_10x10/r8/c9/top_electrode_node    -2.10991e-08
xmr89.mide                        -2.10991e-08
/1t1r_10x10/r8/c9/ammeter_drain/plus     -1.9181e-08
/1t1r_10x10/r8/c9/ammeter_drain/minus    -2.10991e-08
probe_int_/1t1r_10x10/r8/c9/ammeter_drain/minus_r182    -2.10991e-08
/1t1r_10x10/r8/c9/ammeter_source/plus    -3.24317e-08
/1t1r_10x10/r8/c9/ammeter_source/minus     -2.9483e-08
probe_int_/1t1r_10x10/r8/c9/ammeter_source/minus_r183     -2.9483e-08
probe_int_/1t1r_10x10/r8/c4/drain_node_mq90_1    -0.000392691
probe_int_/1t1r_10x10/r8/c4/gate_node_mq90_2     3.04339e-05
probe_int_/1t1r_10x10/r8/c4/source_node_mq90_3    -3.24317e-08
probe_int_gnd_mq90_4                         0
/1t1r_10x10/r8/c4/drain_node      -0.000392691
/1t1r_10x10/r8/c4/gate_node        3.04339e-05
/1t1r_10x10/r8/c4/source_node     -3.24317e-08
xmr90.mide_vmeas_0                -2.10991e-08
probe_int_/1t1r_10x10/r8/c4/drain_node_xmr90    -0.000392691
xmr90.c_v                             1.64e+25
xmr90.t                                    293
/1t1r_10x10/r8/c4/top_electrode_node    -2.10991e-08
xmr90.mide                        -2.10991e-08
/1t1r_10x10/r8/c4/ammeter_drain/plus     -1.9181e-08
/1t1r_10x10/r8/c4/ammeter_drain/minus    -2.10991e-08
probe_int_/1t1r_10x10/r8/c4/ammeter_drain/minus_r184    -2.10991e-08
/1t1r_10x10/r8/c4/ammeter_source/plus    -3.24317e-08
/1t1r_10x10/r8/c4/ammeter_source/minus     -2.9483e-08
probe_int_/1t1r_10x10/r8/c4/ammeter_source/minus_r185     -2.9483e-08
probe_int_/1t1r_10x10/r9/c3/drain_node_mq91_1    -0.000392691
probe_int_/1t1r_10x10/r9/c3/gate_node_mq91_2     3.04339e-05
probe_int_/1t1r_10x10/r9/c3/source_node_mq91_3    -3.24317e-08
probe_int_gnd_mq91_4                         0
/1t1r_10x10/r9/c3/drain_node      -0.000392691
/1t1r_10x10/r9/c3/gate_node        3.04339e-05
/1t1r_10x10/r9/c3/source_node     -3.24317e-08
/1t1r_10x10/gates9                 3.04339e-05
xmr91.mide_vmeas_0                -2.10991e-08
probe_int_/1t1r_10x10/r9/c3/drain_node_xmr91    -0.000392691
xmr91.c_v                             1.64e+25
xmr91.t                                    293
/1t1r_10x10/r9/c3/top_electrode_node    -2.10991e-08
xmr91.mide                        -2.10991e-08
/1t1r_10x10/row9                   -1.9181e-08
/1t1r_10x10/r9/c3/ammeter_drain/plus     -1.9181e-08
/1t1r_10x10/r9/c3/ammeter_drain/minus    -2.10991e-08
probe_int_/1t1r_10x10/r9/c3/ammeter_drain/minus_r186    -2.10991e-08
/1t1r_10x10/r9/c3/ammeter_source/plus    -3.24317e-08
/1t1r_10x10/r9/c3/ammeter_source/minus     -2.9483e-08
probe_int_/1t1r_10x10/r9/c3/ammeter_source/minus_r187     -2.9483e-08
probe_int_/1t1r_10x10/r9/c0/drain_node_mq92_1    -0.000392691
probe_int_/1t1r_10x10/r9/c0/gate_node_mq92_2     3.04339e-05
probe_int_/1t1r_10x10/r9/c0/source_node_mq92_3    -3.24317e-08
probe_int_gnd_mq92_4                         0
/1t1r_10x10/r9/c0/drain_node      -0.000392691
/1t1r_10x10/r9/c0/gate_node        3.04339e-05
/1t1r_10x10/r9/c0/source_node     -3.24317e-08
xmr92.mide_vmeas_0                -2.10991e-08
probe_int_/1t1r_10x10/r9/c0/drain_node_xmr92    -0.000392691
xmr92.c_v                             1.64e+25
xmr92.t                                    293
/1t1r_10x10/r9/c0/top_electrode_node    -2.10991e-08
xmr92.mide                        -2.10991e-08
/1t1r_10x10/r9/c0/ammeter_drain/plus     -1.9181e-08
/1t1r_10x10/r9/c0/ammeter_drain/minus    -2.10991e-08
probe_int_/1t1r_10x10/r9/c0/ammeter_drain/minus_r188    -2.10991e-08
/1t1r_10x10/r9/c0/ammeter_source/plus    -3.24317e-08
/1t1r_10x10/r9/c0/ammeter_source/minus     -2.9483e-08
probe_int_/1t1r_10x10/r9/c0/ammeter_source/minus_r189     -2.9483e-08
probe_int_/1t1r_10x10/r9/c1/drain_node_mq93_1    -0.000392691
probe_int_/1t1r_10x10/r9/c1/gate_node_mq93_2     3.04339e-05
probe_int_/1t1r_10x10/r9/c1/source_node_mq93_3    -3.24317e-08
probe_int_gnd_mq93_4                         0
/1t1r_10x10/r9/c1/drain_node      -0.000392691
/1t1r_10x10/r9/c1/gate_node        3.04339e-05
/1t1r_10x10/r9/c1/source_node     -3.24317e-08
xmr93.mide_vmeas_0                -2.10991e-08
probe_int_/1t1r_10x10/r9/c1/drain_node_xmr93    -0.000392691
xmr93.c_v                             1.64e+25
xmr93.t                                    293
/1t1r_10x10/r9/c1/top_electrode_node    -2.10991e-08
xmr93.mide                        -2.10991e-08
/1t1r_10x10/r9/c1/ammeter_drain/plus     -1.9181e-08
/1t1r_10x10/r9/c1/ammeter_drain/minus    -2.10991e-08
probe_int_/1t1r_10x10/r9/c1/ammeter_drain/minus_r190    -2.10991e-08
/1t1r_10x10/r9/c1/ammeter_source/plus    -3.24317e-08
/1t1r_10x10/r9/c1/ammeter_source/minus     -2.9483e-08
probe_int_/1t1r_10x10/r9/c1/ammeter_source/minus_r191     -2.9483e-08
probe_int_/1t1r_10x10/r9/c2/drain_node_mq94_1    -0.000392691
probe_int_/1t1r_10x10/r9/c2/gate_node_mq94_2     3.04339e-05
probe_int_/1t1r_10x10/r9/c2/source_node_mq94_3    -3.24317e-08
probe_int_gnd_mq94_4                         0
/1t1r_10x10/r9/c2/drain_node      -0.000392691
/1t1r_10x10/r9/c2/gate_node        3.04339e-05
/1t1r_10x10/r9/c2/source_node     -3.24317e-08
xmr94.mide_vmeas_0                -2.10991e-08
probe_int_/1t1r_10x10/r9/c2/drain_node_xmr94    -0.000392691
xmr94.c_v                             1.64e+25
xmr94.t                                    293
/1t1r_10x10/r9/c2/top_electrode_node    -2.10991e-08
xmr94.mide                        -2.10991e-08
/1t1r_10x10/r9/c2/ammeter_drain/plus     -1.9181e-08
/1t1r_10x10/r9/c2/ammeter_drain/minus    -2.10991e-08
probe_int_/1t1r_10x10/r9/c2/ammeter_drain/minus_r192    -2.10991e-08
/1t1r_10x10/r9/c2/ammeter_source/plus    -3.24317e-08
/1t1r_10x10/r9/c2/ammeter_source/minus     -2.9483e-08
probe_int_/1t1r_10x10/r9/c2/ammeter_source/minus_r193     -2.9483e-08
probe_int_/1t1r_10x10/r9/c7/drain_node_mq95_1    -0.000392691
probe_int_/1t1r_10x10/r9/c7/gate_node_mq95_2     3.04339e-05
probe_int_/1t1r_10x10/r9/c7/source_node_mq95_3    -3.24317e-08
probe_int_gnd_mq95_4                         0
/1t1r_10x10/r9/c7/drain_node      -0.000392691
/1t1r_10x10/r9/c7/gate_node        3.04339e-05
/1t1r_10x10/r9/c7/source_node     -3.24317e-08
xmr95.mide_vmeas_0                -2.10991e-08
probe_int_/1t1r_10x10/r9/c7/drain_node_xmr95    -0.000392691
xmr95.c_v                             1.64e+25
xmr95.t                                    293
/1t1r_10x10/r9/c7/top_electrode_node    -2.10991e-08
xmr95.mide                        -2.10991e-08
/1t1r_10x10/r9/c7/ammeter_drain/plus     -1.9181e-08
/1t1r_10x10/r9/c7/ammeter_drain/minus    -2.10991e-08
probe_int_/1t1r_10x10/r9/c7/ammeter_drain/minus_r194    -2.10991e-08
/1t1r_10x10/r9/c7/ammeter_source/plus    -3.24317e-08
/1t1r_10x10/r9/c7/ammeter_source/minus     -2.9483e-08
probe_int_/1t1r_10x10/r9/c7/ammeter_source/minus_r195     -2.9483e-08
probe_int_/1t1r_10x10/r9/c8/drain_node_mq96_1    -0.000392691
probe_int_/1t1r_10x10/r9/c8/gate_node_mq96_2     3.04339e-05
probe_int_/1t1r_10x10/r9/c8/source_node_mq96_3    -3.24317e-08
probe_int_gnd_mq96_4                         0
/1t1r_10x10/r9/c8/drain_node      -0.000392691
/1t1r_10x10/r9/c8/gate_node        3.04339e-05
/1t1r_10x10/r9/c8/source_node     -3.24317e-08
xmr96.mide_vmeas_0                -2.10991e-08
probe_int_/1t1r_10x10/r9/c8/drain_node_xmr96    -0.000392691
xmr96.c_v                             1.64e+25
xmr96.t                                    293
/1t1r_10x10/r9/c8/top_electrode_node    -2.10991e-08
xmr96.mide                        -2.10991e-08
/1t1r_10x10/r9/c8/ammeter_drain/plus     -1.9181e-08
/1t1r_10x10/r9/c8/ammeter_drain/minus    -2.10991e-08
probe_int_/1t1r_10x10/r9/c8/ammeter_drain/minus_r196    -2.10991e-08
/1t1r_10x10/r9/c8/ammeter_source/plus    -3.24317e-08
/1t1r_10x10/r9/c8/ammeter_source/minus     -2.9483e-08
probe_int_/1t1r_10x10/r9/c8/ammeter_source/minus_r197     -2.9483e-08
probe_int_/1t1r_10x10/r9/c5/drain_node_mq97_1    -0.000392691
probe_int_/1t1r_10x10/r9/c5/gate_node_mq97_2     3.04339e-05
probe_int_/1t1r_10x10/r9/c5/source_node_mq97_3    -3.24317e-08
probe_int_gnd_mq97_4                         0
/1t1r_10x10/r9/c5/drain_node      -0.000392691
/1t1r_10x10/r9/c5/gate_node        3.04339e-05
/1t1r_10x10/r9/c5/source_node     -3.24317e-08
xmr97.mide_vmeas_0                -2.10991e-08
probe_int_/1t1r_10x10/r9/c5/drain_node_xmr97    -0.000392691
xmr97.c_v                             1.64e+25
xmr97.t                                    293
/1t1r_10x10/r9/c5/top_electrode_node    -2.10991e-08
xmr97.mide                        -2.10991e-08
/1t1r_10x10/r9/c5/ammeter_drain/plus     -1.9181e-08
/1t1r_10x10/r9/c5/ammeter_drain/minus    -2.10991e-08
probe_int_/1t1r_10x10/r9/c5/ammeter_drain/minus_r198    -2.10991e-08
/1t1r_10x10/r9/c5/ammeter_source/plus    -3.24317e-08
/1t1r_10x10/r9/c5/ammeter_source/minus     -2.9483e-08
probe_int_/1t1r_10x10/r9/c5/ammeter_source/minus_r199     -2.9483e-08
probe_int_/1t1r_10x10/r9/c6/drain_node_mq98_1    -0.000392691
probe_int_/1t1r_10x10/r9/c6/gate_node_mq98_2     3.04339e-05
probe_int_/1t1r_10x10/r9/c6/source_node_mq98_3    -3.24317e-08
probe_int_gnd_mq98_4                         0
/1t1r_10x10/r9/c6/drain_node      -0.000392691
/1t1r_10x10/r9/c6/gate_node        3.04339e-05
/1t1r_10x10/r9/c6/source_node     -3.24317e-08
xmr98.mide_vmeas_0                -2.10991e-08
probe_int_/1t1r_10x10/r9/c6/drain_node_xmr98    -0.000392691
xmr98.c_v                             1.64e+25
xmr98.t                                    293
/1t1r_10x10/r9/c6/top_electrode_node    -2.10991e-08
xmr98.mide                        -2.10991e-08
/1t1r_10x10/r9/c6/ammeter_drain/plus     -1.9181e-08
/1t1r_10x10/r9/c6/ammeter_drain/minus    -2.10991e-08
probe_int_/1t1r_10x10/r9/c6/ammeter_drain/minus_r200    -2.10991e-08
/1t1r_10x10/r9/c6/ammeter_source/plus    -3.24317e-08
/1t1r_10x10/r9/c6/ammeter_source/minus     -2.9483e-08
probe_int_/1t1r_10x10/r9/c6/ammeter_source/minus_r201     -2.9483e-08
probe_int_/1t1r_10x10/r9/c9/drain_node_mq99_1    -0.000392691
probe_int_/1t1r_10x10/r9/c9/gate_node_mq99_2     3.04339e-05
probe_int_/1t1r_10x10/r9/c9/source_node_mq99_3    -3.24317e-08
probe_int_gnd_mq99_4                         0
/1t1r_10x10/r9/c9/drain_node      -0.000392691
/1t1r_10x10/r9/c9/gate_node        3.04339e-05
/1t1r_10x10/r9/c9/source_node     -3.24317e-08
xmr99.mide_vmeas_0                -2.10991e-08
probe_int_/1t1r_10x10/r9/c9/drain_node_xmr99    -0.000392691
xmr99.c_v                             1.64e+25
xmr99.t                                    293
/1t1r_10x10/r9/c9/top_electrode_node    -2.10991e-08
xmr99.mide                        -2.10991e-08
/voltage_sources/row5/ammeter/red               0
probe_int_gnd_xv522                          0
/voltage_sources/row5/ammeter/plus               0
/voltage_sources/row5/ammeter/minus     -1.9181e-08
probe_int_/voltage_sources/row5/ammeter/minus_r202     -1.9181e-08
/voltage_sources/row6/ammeter/red               0
probe_int_gnd_xv525                          0
/voltage_sources/row6/ammeter/plus               0
/voltage_sources/row6/ammeter/minus     -1.9181e-08
probe_int_/voltage_sources/row6/ammeter/minus_r203     -1.9181e-08
/voltage_sources/row7/ammeter/red               0
probe_int_gnd_xv528                          0
/voltage_sources/row7/ammeter/plus               0
/voltage_sources/row7/ammeter/minus     -1.9181e-08
probe_int_/voltage_sources/row7/ammeter/minus_r204     -1.9181e-08
/voltage_sources/row8/ammeter/red               0
probe_int_gnd_xv531                          0
/voltage_sources/row8/ammeter/plus               0
/voltage_sources/row8/ammeter/minus     -1.9181e-08
probe_int_/voltage_sources/row8/ammeter/minus_r205     -1.9181e-08
/voltage_sources/row9/ammeter/red               0
probe_int_gnd_xv534                          0
/voltage_sources/row9/ammeter/plus               0
/voltage_sources/row9/ammeter/minus     -1.9181e-08
probe_int_/voltage_sources/row9/ammeter/minus_r206     -1.9181e-08
/voltage_sources/gates5/ammeter/red               0
probe_int_gnd_xv537                          0
/voltage_sources/gates5/ammeter/plus               0
/voltage_sources/gates5/ammeter/minus     3.04339e-05
probe_int_/voltage_sources/gates5/ammeter/minus_r207     3.04339e-05
/voltage_sources/gates6/ammeter/red               0
probe_int_gnd_xv540                          0
/voltage_sources/gates6/ammeter/plus               0
/voltage_sources/gates6/ammeter/minus     3.04339e-05
probe_int_/voltage_sources/gates6/ammeter/minus_r208     3.04339e-05
/voltage_sources/gates7/ammeter/red               0
probe_int_gnd_xv543                          0
/voltage_sources/gates7/ammeter/plus               0
/voltage_sources/gates7/ammeter/minus     3.04339e-05
probe_int_/voltage_sources/gates7/ammeter/minus_r209     3.04339e-05
/voltage_sources/gates8/ammeter/red               0
probe_int_gnd_xv546                          0
/voltage_sources/gates8/ammeter/plus               0
/voltage_sources/gates8/ammeter/minus     3.04339e-05
probe_int_/voltage_sources/gates8/ammeter/minus_r210     3.04339e-05
/voltage_sources/gates9/ammeter/red               0
probe_int_gnd_xv549                          0
/voltage_sources/gates9/ammeter/plus               0
/voltage_sources/gates9/ammeter/minus     3.04339e-05
probe_int_/voltage_sources/gates9/ammeter/minus_r211     3.04339e-05
/1t1r_10x10/r9/c9/ammeter_drain/plus     -1.9181e-08
/1t1r_10x10/r9/c9/ammeter_drain/minus    -2.10991e-08
probe_int_/1t1r_10x10/r9/c9/ammeter_drain/minus_r212    -2.10991e-08
/1t1r_10x10/r9/c9/ammeter_source/plus    -3.24317e-08
/1t1r_10x10/r9/c9/ammeter_source/minus     -2.9483e-08
probe_int_/1t1r_10x10/r9/c9/ammeter_source/minus_r213     -2.9483e-08
probe_int_/1t1r_10x10/r9/c4/drain_node_mq100_1    -0.000392691
probe_int_/1t1r_10x10/r9/c4/gate_node_mq100_2     3.04339e-05
probe_int_/1t1r_10x10/r9/c4/source_node_mq100_3    -3.24317e-08
probe_int_gnd_mq100_4                        0
/1t1r_10x10/r9/c4/drain_node      -0.000392691
/1t1r_10x10/r9/c4/gate_node        3.04339e-05
/1t1r_10x10/r9/c4/source_node     -3.24317e-08
xmr100.mide_vmeas_0               -2.10991e-08
probe_int_/1t1r_10x10/r9/c4/drain_node_xmr100    -0.000392691
xmr100.c_v                            1.64e+25
xmr100.t                                   293
/1t1r_10x10/r9/c4/top_electrode_node    -2.10991e-08
xmr100.mide                       -2.10991e-08
/1t1r_10x10/r9/c4/ammeter_drain/plus     -1.9181e-08
/1t1r_10x10/r9/c4/ammeter_drain/minus    -2.10991e-08
probe_int_/1t1r_10x10/r9/c4/ammeter_drain/minus_r214    -2.10991e-08
/1t1r_10x10/r9/c4/ammeter_source/plus    -3.24317e-08
/1t1r_10x10/r9/c4/ammeter_source/minus     -2.9483e-08
probe_int_/1t1r_10x10/r9/c4/ammeter_source/minus_r215     -2.9483e-08
/voltage_sources/row0/ammeter/plus               0
/voltage_sources/row0/ammeter/minus     -1.9181e-08
probe_int_/voltage_sources/row0/ammeter/minus_r216     -1.9181e-08
/voltage_sources/row1/ammeter/plus               0
/voltage_sources/row1/ammeter/minus     -1.9181e-08
probe_int_/voltage_sources/row1/ammeter/minus_r217     -1.9181e-08
/voltage_sources/row2/ammeter/plus               0
/voltage_sources/row2/ammeter/minus     -1.9181e-08
probe_int_/voltage_sources/row2/ammeter/minus_r218     -1.9181e-08
/voltage_sources/row3/ammeter/plus               0
/voltage_sources/row3/ammeter/minus     -1.9181e-08
probe_int_/voltage_sources/row3/ammeter/minus_r219     -1.9181e-08
/voltage_sources/row4/ammeter/plus               0
/voltage_sources/row4/ammeter/minus     -1.9181e-08
probe_int_/voltage_sources/row4/ammeter/minus_r220     -1.9181e-08
/voltage_sources/col0/ammeter/plus               0
/voltage_sources/col0/ammeter/minus     -2.9483e-08
probe_int_/voltage_sources/col0/ammeter/minus_r221     -2.9483e-08
/voltage_sources/col1/ammeter/plus               0
/voltage_sources/col1/ammeter/minus     -2.9483e-08
probe_int_/voltage_sources/col1/ammeter/minus_r222     -2.9483e-08
/voltage_sources/col2/ammeter/plus               0
/voltage_sources/col2/ammeter/minus     -2.9483e-08
probe_int_/voltage_sources/col2/ammeter/minus_r223     -2.9483e-08
/voltage_sources/col3/ammeter/plus               0
/voltage_sources/col3/ammeter/minus     -2.9483e-08
probe_int_/voltage_sources/col3/ammeter/minus_r224     -2.9483e-08
/voltage_sources/col4/ammeter/plus               0
/voltage_sources/col4/ammeter/minus     -2.9483e-08
probe_int_/voltage_sources/col4/ammeter/minus_r225     -2.9483e-08
/voltage_sources/gates0/ammeter/plus               0
/voltage_sources/gates0/ammeter/minus     3.04339e-05
probe_int_/voltage_sources/gates0/ammeter/minus_r226     3.04339e-05
/voltage_sources/gates1/ammeter/plus               0
/voltage_sources/gates1/ammeter/minus     3.04339e-05
probe_int_/voltage_sources/gates1/ammeter/minus_r227     3.04339e-05
/voltage_sources/gates2/ammeter/plus               0
/voltage_sources/gates2/ammeter/minus     3.04339e-05
probe_int_/voltage_sources/gates2/ammeter/minus_r228     3.04339e-05
/voltage_sources/gates3/ammeter/plus               0
/voltage_sources/gates3/ammeter/minus     3.04339e-05
probe_int_/voltage_sources/gates3/ammeter/minus_r229     3.04339e-05
/voltage_sources/gates4/ammeter/plus               0
/voltage_sources/gates4/ammeter/minus     3.04339e-05
probe_int_/voltage_sources/gates4/ammeter/minus_r230     3.04339e-05
v.xmr100.v_bi_e#branch            -3.22865e-14
v.xmr100.vcurrent_measurement#branch    -5.76441e-14
v.xmr99.v_bi_e#branch             -3.22865e-14
v.xmr99.vcurrent_measurement#branch    -5.76441e-14
v.xmr98.v_bi_e#branch             -3.22865e-14
v.xmr98.vcurrent_measurement#branch    -5.76441e-14
v.xmr97.v_bi_e#branch             -3.22865e-14
v.xmr97.vcurrent_measurement#branch    -5.76441e-14
v.xmr96.v_bi_e#branch             -3.22865e-14
v.xmr96.vcurrent_measurement#branch    -5.76441e-14
v.xmr95.v_bi_e#branch             -3.22865e-14
v.xmr95.vcurrent_measurement#branch    -5.76441e-14
v.xmr94.v_bi_e#branch             -3.22865e-14
v.xmr94.vcurrent_measurement#branch    -5.76441e-14
v.xmr93.v_bi_e#branch             -3.22865e-14
v.xmr93.vcurrent_measurement#branch    -5.76441e-14
v.xmr92.v_bi_e#branch             -3.22865e-14
v.xmr92.vcurrent_measurement#branch    -5.76441e-14
v.xmr91.v_bi_e#branch             -3.22865e-14
v.xmr91.vcurrent_measurement#branch    -5.76441e-14
v.xmr90.v_bi_e#branch             -3.22865e-14
v.xmr90.vcurrent_measurement#branch    -5.76441e-14
v.xmr89.v_bi_e#branch             -3.22865e-14
v.xmr89.vcurrent_measurement#branch    -5.76441e-14
v.xmr88.v_bi_e#branch             -3.22865e-14
v.xmr88.vcurrent_measurement#branch    -5.76441e-14
v.xmr87.v_bi_e#branch             -3.22865e-14
v.xmr87.vcurrent_measurement#branch    -5.76441e-14
v.xmr86.v_bi_e#branch             -3.22865e-14
v.xmr86.vcurrent_measurement#branch    -5.76441e-14
v.xmr85.v_bi_e#branch             -3.22865e-14
v.xmr85.vcurrent_measurement#branch    -5.76441e-14
v.xmr84.v_bi_e#branch             -3.22865e-14
v.xmr84.vcurrent_measurement#branch    -5.76441e-14
v.xmr83.v_bi_e#branch             -3.22865e-14
v.xmr83.vcurrent_measurement#branch    -5.76441e-14
v.xmr82.v_bi_e#branch             -3.22865e-14
v.xmr82.vcurrent_measurement#branch    -5.76441e-14
v.xmr81.v_bi_e#branch             -3.22865e-14
v.xmr81.vcurrent_measurement#branch    -5.76441e-14
v.xmr80.v_bi_e#branch             -3.22865e-14
v.xmr80.vcurrent_measurement#branch    -5.76441e-14
v.xmr79.v_bi_e#branch             -3.22865e-14
v.xmr79.vcurrent_measurement#branch    -5.76441e-14
v.xmr78.v_bi_e#branch             -3.22865e-14
v.xmr78.vcurrent_measurement#branch    -5.76441e-14
v.xmr77.v_bi_e#branch             -3.22865e-14
v.xmr77.vcurrent_measurement#branch    -5.76441e-14
v.xmr76.v_bi_e#branch             -3.22865e-14
v.xmr76.vcurrent_measurement#branch    -5.76441e-14
v.xmr75.v_bi_e#branch             -3.22865e-14
v.xmr75.vcurrent_measurement#branch    -5.76441e-14
v.xmr74.v_bi_e#branch             -3.22865e-14
v.xmr74.vcurrent_measurement#branch    -5.76441e-14
v.xmr73.v_bi_e#branch             -3.22865e-14
v.xmr73.vcurrent_measurement#branch    -5.76441e-14
v.xmr72.v_bi_e#branch             -3.22865e-14
v.xmr72.vcurrent_measurement#branch    -5.76441e-14
v.xmr71.v_bi_e#branch             -3.22865e-14
v.xmr71.vcurrent_measurement#branch    -5.76441e-14
v.xmr70.v_bi_e#branch             -3.22865e-14
v.xmr70.vcurrent_measurement#branch    -5.76441e-14
v.xmr69.v_bi_e#branch             -3.22865e-14
v.xmr69.vcurrent_measurement#branch    -5.76441e-14
v.xmr68.v_bi_e#branch             -3.22865e-14
v.xmr68.vcurrent_measurement#branch    -5.76441e-14
v.xmr67.v_bi_e#branch             -3.22865e-14
v.xmr67.vcurrent_measurement#branch    -5.76441e-14
v.xmr66.v_bi_e#branch             -3.22865e-14
v.xmr66.vcurrent_measurement#branch    -5.76441e-14
v.xmr65.v_bi_e#branch             -3.22865e-14
v.xmr65.vcurrent_measurement#branch    -5.76441e-14
v.xmr64.v_bi_e#branch             -3.22865e-14
v.xmr64.vcurrent_measurement#branch    -5.76441e-14
v.xmr63.v_bi_e#branch             -3.22865e-14
v.xmr63.vcurrent_measurement#branch    -5.76441e-14
v.xmr62.v_bi_e#branch             -3.22865e-14
v.xmr62.vcurrent_measurement#branch    -5.76441e-14
v.xmr61.v_bi_e#branch             -3.22865e-14
v.xmr61.vcurrent_measurement#branch    -5.76441e-14
v.xmr60.v_bi_e#branch             -3.22865e-14
v.xmr60.vcurrent_measurement#branch    -5.76441e-14
v.xmr59.v_bi_e#branch             -3.22865e-14
v.xmr59.vcurrent_measurement#branch    -5.76441e-14
v.xmr58.v_bi_e#branch             -3.22865e-14
v.xmr58.vcurrent_measurement#branch    -5.76441e-14
v.xmr57.v_bi_e#branch             -3.22865e-14
v.xmr57.vcurrent_measurement#branch    -5.76441e-14
v.xmr56.v_bi_e#branch             -3.22865e-14
v.xmr56.vcurrent_measurement#branch    -5.76441e-14
v.xmr55.v_bi_e#branch             -3.22865e-14
v.xmr55.vcurrent_measurement#branch    -5.76441e-14
v.xmr54.v_bi_e#branch             -3.22865e-14
v.xmr54.vcurrent_measurement#branch    -5.76441e-14
v.xmr53.v_bi_e#branch             -3.22865e-14
v.xmr53.vcurrent_measurement#branch    -5.76441e-14
v.xmr52.v_bi_e#branch             -3.22865e-14
v.xmr52.vcurrent_measurement#branch    -5.76441e-14
v.xmr51.v_bi_e#branch             -3.22865e-14
v.xmr51.vcurrent_measurement#branch    -5.76441e-14
v.xmr50.v_bi_e#branch             -3.22865e-14
v.xmr50.vcurrent_measurement#branch    -5.76441e-14
v.xmr49.v_bi_e#branch             -3.22865e-14
v.xmr49.vcurrent_measurement#branch    -5.76441e-14
v.xmr48.v_bi_e#branch             -3.22865e-14
v.xmr48.vcurrent_measurement#branch    -5.76441e-14
v.xmr47.v_bi_e#branch             -3.22865e-14
v.xmr47.vcurrent_measurement#branch    -5.76441e-14
v.xmr46.v_bi_e#branch             -3.22865e-14
v.xmr46.vcurrent_measurement#branch    -5.76441e-14
v.xmr45.v_bi_e#branch             -3.22865e-14
v.xmr45.vcurrent_measurement#branch    -5.76441e-14
v.xmr44.v_bi_e#branch             -3.22865e-14
v.xmr44.vcurrent_measurement#branch    -5.76441e-14
v.xmr43.v_bi_e#branch             -3.22865e-14
v.xmr43.vcurrent_measurement#branch    -5.76441e-14
v.xmr42.v_bi_e#branch             -3.22865e-14
v.xmr42.vcurrent_measurement#branch    -5.76441e-14
v.xmr41.v_bi_e#branch             -3.22865e-14
v.xmr41.vcurrent_measurement#branch    -5.76441e-14
v.xmr40.v_bi_e#branch             -3.22865e-14
v.xmr40.vcurrent_measurement#branch    -5.76441e-14
v.xmr39.v_bi_e#branch             -3.22865e-14
v.xmr39.vcurrent_measurement#branch    -5.76441e-14
v.xmr38.v_bi_e#branch             -3.22865e-14
v.xmr38.vcurrent_measurement#branch    -5.76441e-14
v.xmr37.v_bi_e#branch             -3.22865e-14
v.xmr37.vcurrent_measurement#branch    -5.76441e-14
v.xmr36.v_bi_e#branch             -3.22865e-14
v.xmr36.vcurrent_measurement#branch    -5.76441e-14
v.xmr35.v_bi_e#branch             -3.22865e-14
v.xmr35.vcurrent_measurement#branch    -5.76441e-14
v.xmr34.v_bi_e#branch             -3.22865e-14
v.xmr34.vcurrent_measurement#branch    -5.76441e-14
v.xmr33.v_bi_e#branch             -3.22865e-14
v.xmr33.vcurrent_measurement#branch    -5.76441e-14
v.xmr32.v_bi_e#branch             -3.22865e-14
v.xmr32.vcurrent_measurement#branch    -5.76441e-14
v.xmr31.v_bi_e#branch             -3.22865e-14
v.xmr31.vcurrent_measurement#branch    -5.76441e-14
v.xmr30.v_bi_e#branch             -3.22865e-14
v.xmr30.vcurrent_measurement#branch    -5.76441e-14
v.xmr29.v_bi_e#branch             -3.22865e-14
v.xmr29.vcurrent_measurement#branch    -5.76441e-14
v.xmr28.v_bi_e#branch             -3.22865e-14
v.xmr28.vcurrent_measurement#branch    -5.76441e-14
v.xmr27.v_bi_e#branch             -3.22865e-14
v.xmr27.vcurrent_measurement#branch    -5.76441e-14
v.xmr26.v_bi_e#branch             -3.22865e-14
v.xmr26.vcurrent_measurement#branch    -5.76441e-14
v.xmr25.v_bi_e#branch             -3.22865e-14
v.xmr25.vcurrent_measurement#branch    -5.76441e-14
v.xmr24.v_bi_e#branch             -3.22865e-14
v.xmr24.vcurrent_measurement#branch    -5.76441e-14
v.xmr23.v_bi_e#branch             -3.22865e-14
v.xmr23.vcurrent_measurement#branch    -5.76441e-14
v.xmr22.v_bi_e#branch             -3.22865e-14
v.xmr22.vcurrent_measurement#branch    -5.76441e-14
v.xmr21.v_bi_e#branch             -3.22865e-14
v.xmr21.vcurrent_measurement#branch    -5.76441e-14
v.xmr20.v_bi_e#branch             -3.22865e-14
v.xmr20.vcurrent_measurement#branch    -5.76441e-14
v.xmr19.v_bi_e#branch             -3.22865e-14
v.xmr19.vcurrent_measurement#branch    -5.76441e-14
v.xmr18.v_bi_e#branch             -3.22865e-14
v.xmr18.vcurrent_measurement#branch    -5.76441e-14
v.xmr17.v_bi_e#branch             -3.22865e-14
v.xmr17.vcurrent_measurement#branch    -5.76441e-14
v.xmr16.v_bi_e#branch             -3.22865e-14
v.xmr16.vcurrent_measurement#branch    -5.76441e-14
v.xmr15.v_bi_e#branch             -3.22865e-14
v.xmr15.vcurrent_measurement#branch    -5.76441e-14
v.xmr14.v_bi_e#branch             -3.22865e-14
v.xmr14.vcurrent_measurement#branch    -5.76441e-14
v.xmr13.v_bi_e#branch             -3.22865e-14
v.xmr13.vcurrent_measurement#branch    -5.76441e-14
v.xmr12.v_bi_e#branch             -3.22865e-14
v.xmr12.vcurrent_measurement#branch    -5.76441e-14
v.xmr11.v_bi_e#branch             -3.22865e-14
v.xmr11.vcurrent_measurement#branch    -5.76441e-14
v.xmr10.v_bi_e#branch              1.71478e-14
v.xmr10.vcurrent_measurement#branch    -5.76441e-14
v.xmr9.v_bi_e#branch               1.71478e-14
v.xmr9.vcurrent_measurement#branch    -5.76441e-14
v.xmr8.v_bi_e#branch               1.71478e-14
v.xmr8.vcurrent_measurement#branch    -5.76441e-14
v.xmr7.v_bi_e#branch              -3.22865e-14
v.xmr7.vcurrent_measurement#branch    -5.76441e-14
v.xmr6.v_bi_e#branch               1.71478e-14
v.xmr6.vcurrent_measurement#branch    -5.76441e-14
v.xmr5.v_bi_e#branch               1.71478e-14
v.xmr5.vcurrent_measurement#branch    -5.76441e-14
v.xmr4.v_bi_e#branch               1.71478e-14
v.xmr4.vcurrent_measurement#branch    -5.76441e-14
v.xmr3.v_bi_e#branch              -3.22865e-14
v.xmr3.vcurrent_measurement#branch    -5.76441e-14
v.xmr2.v_bi_e#branch              -3.22865e-14
v.xmr2.vcurrent_measurement#branch    -5.76441e-14
v.xmr1.v_bi_e#branch               1.71478e-14
v.xmr1.vcurrent_measurement#branch    -5.76441e-14
r230#branch                       -1.12422e-12
v590#branch                       -1.12422e-12
v589#branch                                  0
r229#branch                       -1.12422e-12
v588#branch                       -1.12422e-12
v587#branch                                  0
r228#branch                       -1.12422e-12
v586#branch                       -1.12422e-12
v585#branch                                  0
r227#branch                       -1.12422e-12
v584#branch                       -1.12422e-12
v583#branch                                  0
r226#branch                       -1.12422e-12
v582#branch                       -1.12422e-12
v581#branch                                  0
r225#branch                       -1.68225e-14
v580#branch                       -1.68225e-14
v579#branch                                  0
r224#branch                       -1.68225e-14
v578#branch                       -1.68225e-14
v577#branch                                  0
r223#branch                       -1.68225e-14
v576#branch                       -1.68225e-14
v575#branch                                  0
r222#branch                       -1.68225e-14
v574#branch                       -1.68225e-14
v573#branch                                  0
r221#branch                       -1.68225e-14
v572#branch                       -1.68225e-14
v571#branch                                  0
r220#branch                       -3.22923e-13
v570#branch                       -6.35561e-13
v569#branch                                  0
r219#branch                       -3.22923e-13
v568#branch                       -6.35561e-13
v567#branch                                  0
r218#branch                       -3.22923e-13
v566#branch                       -6.35561e-13
v565#branch                                  0
r217#branch                       -3.22923e-13
v564#branch                       -6.35561e-13
v563#branch                                  0
r216#branch                        7.94968e-15
v562#branch                        7.94968e-15
v561#branch                                  0
r215#branch                       -1.68225e-14
v560#branch                       -1.68225e-14
v559#branch                       -5.05827e-14
r214#branch                       -8.00697e-16
v558#branch                       -8.00697e-16
v557#branch                       -4.10369e-14
xmr100#branch                      3.29255e-10
v556#branch                       -1.12422e-12
mq100:b_tj#branch                            0
mq100:s#branch                     1.55918e-14
mq100:g#branch                     1.12422e-12
mq100:d#branch                     2.12846e-10
r213#branch                       -1.68225e-14
v555#branch                       -1.68225e-14
v554#branch                       -5.05827e-14
r212#branch                       -8.00697e-16
v553#branch                       -8.00697e-16
v552#branch                       -7.94968e-15
r211#branch                       -1.12422e-12
v551#branch                       -1.12422e-12
v550#branch                                  0
xv549#branch                                 0
r210#branch                       -1.12422e-12
v548#branch                       -1.12422e-12
v547#branch                                  0
xv546#branch                                 0
r209#branch                       -1.12422e-12
v545#branch                       -1.12422e-12
v544#branch                                  0
xv543#branch                                 0
r208#branch                       -1.12422e-12
v542#branch                       -1.12422e-12
v541#branch                                  0
xv540#branch                                 0
r207#branch                       -1.12422e-12
v539#branch                       -1.12422e-12
v538#branch                                  0
xv537#branch                                 0
r206#branch                       -3.22923e-13
v536#branch                       -6.35561e-13
v535#branch                                  0
xv534#branch                                 0
r205#branch                       -3.22923e-13
v533#branch                       -6.35561e-13
v532#branch                                  0
xv531#branch                                 0
r204#branch                       -3.22923e-13
v530#branch                       -6.35561e-13
v529#branch                                  0
xv528#branch                                 0
r203#branch                       -3.22923e-13
v527#branch                       -6.35561e-13
v526#branch                                  0
xv525#branch                                 0
r202#branch                       -3.22923e-13
v524#branch                       -6.35561e-13
v523#branch                                  0
xv522#branch                                 0
xmr99#branch                       3.29255e-10
v521#branch                       -1.12422e-12
mq99:b_tj#branch                             0
mq99:s#branch                      1.55918e-14
mq99:g#branch                      1.12422e-12
mq99:d#branch                      2.12846e-10
r201#branch                       -1.68225e-14
v520#branch                       -1.68225e-14
v519#branch                       -5.05827e-14
r200#branch                       -8.00697e-16
v518#branch                       -8.00697e-16
v517#branch                       -4.10369e-14
xmr98#branch                       3.29255e-10
v516#branch                       -1.12422e-12
mq98:b_tj#branch                             0
mq98:s#branch                      1.55918e-14
mq98:g#branch                      1.12422e-12
mq98:d#branch                      2.12846e-10
r199#branch                       -1.68225e-14
v515#branch                       -1.68225e-14
v514#branch                       -5.05827e-14
r198#branch                       -8.00697e-16
v513#branch                       -8.00697e-16
v512#branch                       -4.10369e-14
xmr97#branch                       3.29255e-10
v511#branch                       -1.12422e-12
mq97:b_tj#branch                             0
mq97:s#branch                      1.55918e-14
mq97:g#branch                      1.12422e-12
mq97:d#branch                      2.12846e-10
r197#branch                       -1.68225e-14
v510#branch                       -1.68225e-14
v509#branch                       -5.05827e-14
r196#branch                       -8.00697e-16
v508#branch                       -8.00697e-16
v507#branch                       -1.07211e-13
xmr96#branch                       3.29255e-10
v506#branch                       -1.12422e-12
mq96:b_tj#branch                             0
mq96:s#branch                      1.55918e-14
mq96:g#branch                      1.12422e-12
mq96:d#branch                      2.12846e-10
r195#branch                       -1.68225e-14
v505#branch                       -1.68225e-14
v504#branch                       -5.05827e-14
r194#branch                       -8.00697e-16
v503#branch                       -8.00697e-16
v502#branch                       -4.10369e-14
xmr95#branch                       3.29255e-10
v501#branch                       -1.12422e-12
mq95:b_tj#branch                             0
mq95:s#branch                      1.55918e-14
mq95:g#branch                      1.12422e-12
mq95:d#branch                      2.12846e-10
r193#branch                       -1.68225e-14
v500#branch                       -1.68225e-14
v499#branch                       -5.05827e-14
r192#branch                       -8.00697e-16
v498#branch                       -8.00697e-16
v497#branch                       -4.10369e-14
xmr94#branch                       3.29255e-10
v496#branch                       -1.12422e-12
mq94:b_tj#branch                             0
mq94:s#branch                      1.55918e-14
mq94:g#branch                      1.12422e-12
mq94:d#branch                      2.12846e-10
r191#branch                       -1.68225e-14
v495#branch                       -1.68225e-14
v494#branch                       -5.05827e-14
r190#branch                       -8.00697e-16
v493#branch                       -8.00697e-16
v492#branch                       -7.94968e-15
xmr93#branch                       3.29255e-10
v491#branch                       -1.12422e-12
mq93:b_tj#branch                             0
mq93:s#branch                      1.55918e-14
mq93:g#branch                      1.12422e-12
mq93:d#branch                      2.12846e-10
r189#branch                       -1.68225e-14
v490#branch                       -1.68225e-14
v489#branch                       -5.05827e-14
r188#branch                       -8.00697e-16
v488#branch                       -8.00697e-16
v487#branch                       -1.40299e-13
xmr92#branch                       3.29255e-10
v486#branch                       -1.12422e-12
mq92:b_tj#branch                             0
mq92:s#branch                      1.55918e-14
mq92:g#branch                      1.12422e-12
mq92:d#branch                      2.12846e-10
r187#branch                       -1.68225e-14
v485#branch                       -1.68225e-14
v484#branch                       -5.05827e-14
r186#branch                       -8.00697e-16
v483#branch                       -8.00697e-16
v482#branch                         9.1312e-14
xmr91#branch                       3.29255e-10
v481#branch                        1.12422e-12
mq91:b_tj#branch                             0
mq91:s#branch                      1.55918e-14
mq91:g#branch                      1.12422e-12
mq91:d#branch                      2.12846e-10
r185#branch                       -1.68225e-14
v480#branch                       -1.68225e-14
v479#branch                       -5.05827e-14
r184#branch                       -8.00697e-16
v478#branch                       -8.00697e-16
v477#branch                       -7.94968e-15
xmr90#branch                       3.29255e-10
v476#branch                       -1.12422e-12
mq90:b_tj#branch                             0
mq90:s#branch                      1.55918e-14
mq90:g#branch                      1.12422e-12
mq90:d#branch                      2.12846e-10
r183#branch                       -1.68225e-14
v475#branch                       -1.68225e-14
v474#branch                       -5.05827e-14
r182#branch                       -8.00697e-16
v473#branch                       -8.00697e-16
v472#branch                       -7.94968e-15
xmr89#branch                       3.29255e-10
v471#branch                       -1.12422e-12
mq89:b_tj#branch                             0
mq89:s#branch                      1.55918e-14
mq89:g#branch                      1.12422e-12
mq89:d#branch                      2.12846e-10
r181#branch                       -1.68225e-14
v470#branch                       -1.68225e-14
v469#branch                       -5.05827e-14
r180#branch                       -8.00697e-16
v468#branch                       -8.00697e-16
v467#branch                       -4.10369e-14
xmr88#branch                       3.29255e-10
v466#branch                       -1.12422e-12
mq88:b_tj#branch                             0
mq88:s#branch                      1.55918e-14
mq88:g#branch                      1.12422e-12
mq88:d#branch                      2.12846e-10
r179#branch                       -1.68225e-14
v465#branch                       -1.68225e-14
v464#branch                       -5.05827e-14
r178#branch                       -8.00697e-16
v463#branch                       -8.00697e-16
v462#branch                       -4.10369e-14
xmr87#branch                       3.29255e-10
v461#branch                       -1.12422e-12
mq87:b_tj#branch                             0
mq87:s#branch                      1.55918e-14
mq87:g#branch                      1.12422e-12
mq87:d#branch                      2.12846e-10
r177#branch                       -1.68225e-14
v460#branch                       -1.68225e-14
v459#branch                       -5.05827e-14
r176#branch                       -8.00697e-16
v458#branch                       -8.00697e-16
v457#branch                       -1.40299e-13
xmr86#branch                       3.29255e-10
v456#branch                       -1.12422e-12
mq86:b_tj#branch                             0
mq86:s#branch                      1.55918e-14
mq86:g#branch                      1.12422e-12
mq86:d#branch                      2.12846e-10
r175#branch                       -1.68225e-14
v455#branch                       -1.68225e-14
v454#branch                       -5.05827e-14
r174#branch                       -8.00697e-16
v453#branch                       -8.00697e-16
v452#branch                       -4.10369e-14
xmr85#branch                       3.29255e-10
v451#branch                       -1.12422e-12
mq85:b_tj#branch                             0
mq85:s#branch                      1.55918e-14
mq85:g#branch                      1.12422e-12
mq85:d#branch                      2.12846e-10
r173#branch                       -1.68225e-14
v450#branch                       -1.68225e-14
v449#branch                       -5.05827e-14
r172#branch                       -8.00697e-16
v448#branch                       -8.00697e-16
v447#branch                       -1.07211e-13
xmr84#branch                       3.29255e-10
v446#branch                       -1.12422e-12
mq84:b_tj#branch                             0
mq84:s#branch                      1.55918e-14
mq84:g#branch                      1.12422e-12
mq84:d#branch                      2.12846e-10
r171#branch                       -1.68225e-14
v445#branch                       -1.68225e-14
v444#branch                       -5.05827e-14
r170#branch                       -8.00697e-16
v443#branch                       -8.00697e-16
v442#branch                       -4.10369e-14
xmr83#branch                       3.29255e-10
v441#branch                       -1.12422e-12
mq83:b_tj#branch                             0
mq83:s#branch                      1.55918e-14
mq83:g#branch                      1.12422e-12
mq83:d#branch                      2.12846e-10
r169#branch                       -1.68225e-14
v440#branch                       -1.68225e-14
v439#branch                       -5.05827e-14
r168#branch                       -8.00697e-16
v438#branch                       -8.00697e-16
v437#branch                       -4.10369e-14
xmr82#branch                       3.29255e-10
v436#branch                       -1.12422e-12
mq82:b_tj#branch                             0
mq82:s#branch                      1.55918e-14
mq82:g#branch                      1.12422e-12
mq82:d#branch                      2.12846e-10
r167#branch                       -1.68225e-14
v435#branch                       -1.68225e-14
v434#branch                       -5.05827e-14
r166#branch                       -8.00697e-16
v433#branch                       -8.00697e-16
v432#branch                         9.1312e-14
xmr81#branch                       3.29255e-10
v431#branch                        1.12422e-12
mq81:b_tj#branch                             0
mq81:s#branch                      1.55918e-14
mq81:g#branch                      1.12422e-12
mq81:d#branch                      2.12846e-10
r165#branch                       -1.68225e-14
v430#branch                       -1.68225e-14
v429#branch                       -5.05827e-14
r164#branch                       -8.00697e-16
v428#branch                       -8.00697e-16
v427#branch                       -4.10369e-14
xmr80#branch                       3.29255e-10
v426#branch                       -1.12422e-12
mq80:b_tj#branch                             0
mq80:s#branch                      1.55918e-14
mq80:g#branch                      1.12422e-12
mq80:d#branch                      2.12846e-10
r163#branch                       -1.68225e-14
v425#branch                       -1.68225e-14
v424#branch                       -5.05827e-14
r162#branch                       -8.00697e-16
v423#branch                       -8.00697e-16
v422#branch                       -1.40299e-13
xmr79#branch                       3.29255e-10
v421#branch                       -1.12422e-12
mq79:b_tj#branch                             0
mq79:s#branch                      1.55918e-14
mq79:g#branch                      1.12422e-12
mq79:d#branch                      2.12846e-10
r161#branch                       -1.68225e-14
v420#branch                       -1.68225e-14
v419#branch                       -5.05827e-14
r160#branch                       -8.00697e-16
v418#branch                       -8.00697e-16
v417#branch                       -4.10369e-14
xmr78#branch                       3.29255e-10
v416#branch                       -1.12422e-12
mq78:b_tj#branch                             0
mq78:s#branch                      1.55918e-14
mq78:g#branch                      1.12422e-12
mq78:d#branch                      2.12846e-10
r159#branch                       -1.68225e-14
v415#branch                       -1.68225e-14
v414#branch                       -5.05827e-14
r158#branch                       -8.00697e-16
v413#branch                       -8.00697e-16
v412#branch                       -4.10369e-14
xmr77#branch                       3.29255e-10
v411#branch                       -1.12422e-12
mq77:b_tj#branch                             0
mq77:s#branch                      1.55918e-14
mq77:g#branch                      1.12422e-12
mq77:d#branch                      2.12846e-10
r157#branch                       -1.68225e-14
v410#branch                       -1.68225e-14
v409#branch                       -5.05827e-14
r156#branch                       -8.00697e-16
v408#branch                       -8.00697e-16
v407#branch                       -7.94968e-15
xmr76#branch                       3.29255e-10
v406#branch                       -1.12422e-12
mq76:b_tj#branch                             0
mq76:s#branch                      1.55918e-14
mq76:g#branch                      1.12422e-12
mq76:d#branch                      2.12846e-10
r155#branch                       -1.68225e-14
v405#branch                       -1.68225e-14
v404#branch                       -5.05827e-14
r154#branch                       -8.00697e-16
v403#branch                       -8.00697e-16
v402#branch                       -7.94968e-15
xmr75#branch                       3.29255e-10
v401#branch                       -1.12422e-12
mq75:b_tj#branch                             0
mq75:s#branch                      1.55918e-14
mq75:g#branch                      1.12422e-12
mq75:d#branch                      2.12846e-10
r153#branch                       -1.68225e-14
v400#branch                       -1.68225e-14
v399#branch                       -5.05827e-14
r152#branch                       -8.00697e-16
v398#branch                       -8.00697e-16
v397#branch                       -4.10369e-14
xmr74#branch                       3.29255e-10
v396#branch                       -1.12422e-12
mq74:b_tj#branch                             0
mq74:s#branch                      1.55918e-14
mq74:g#branch                      1.12422e-12
mq74:d#branch                      2.12846e-10
r151#branch                       -1.68225e-14
v395#branch                       -1.68225e-14
v394#branch                       -5.05827e-14
r150#branch                       -8.00697e-16
v393#branch                       -8.00697e-16
v392#branch                       -1.07211e-13
xmr73#branch                       3.29255e-10
v391#branch                       -1.12422e-12
mq73:b_tj#branch                             0
mq73:s#branch                      1.55918e-14
mq73:g#branch                      1.12422e-12
mq73:d#branch                      2.12846e-10
r149#branch                       -1.68225e-14
v390#branch                       -1.68225e-14
v389#branch                       -5.05827e-14
r148#branch                       -8.00697e-16
v388#branch                       -8.00697e-16
v387#branch                       -4.10369e-14
xmr72#branch                       3.29255e-10
v386#branch                       -1.12422e-12
mq72:b_tj#branch                             0
mq72:s#branch                      1.55918e-14
mq72:g#branch                      1.12422e-12
mq72:d#branch                      2.12846e-10
r147#branch                       -1.68225e-14
v385#branch                       -1.68225e-14
v384#branch                       -5.05827e-14
r146#branch                       -8.00697e-16
v383#branch                       -8.00697e-16
v382#branch                         9.1312e-14
xmr71#branch                       3.29255e-10
v381#branch                        1.12422e-12
mq71:b_tj#branch                             0
mq71:s#branch                      1.55918e-14
mq71:g#branch                      1.12422e-12
mq71:d#branch                      2.12846e-10
r145#branch                       -1.68225e-14
v380#branch                       -1.68225e-14
v379#branch                       -5.05827e-14
r144#branch                       -8.00697e-16
v378#branch                       -8.00697e-16
v377#branch                       -4.10369e-14
xmr70#branch                       3.29255e-10
v376#branch                       -1.12422e-12
mq70:b_tj#branch                             0
mq70:s#branch                      1.55918e-14
mq70:g#branch                      1.12422e-12
mq70:d#branch                      2.12846e-10
r143#branch                       -1.68225e-14
v375#branch                       -1.68225e-14
v374#branch                       -5.05827e-14
r142#branch                       -8.00697e-16
v373#branch                       -8.00697e-16
v372#branch                       -7.94968e-15
xmr69#branch                       3.29255e-10
v371#branch                       -1.12422e-12
mq69:b_tj#branch                             0
mq69:s#branch                      1.55918e-14
mq69:g#branch                      1.12422e-12
mq69:d#branch                      2.12846e-10
r141#branch                       -1.68225e-14
v370#branch                       -1.68225e-14
v369#branch                       -5.05827e-14
r140#branch                       -8.00697e-16
v368#branch                       -8.00697e-16
v367#branch                       -4.10369e-14
xmr68#branch                       3.29255e-10
v366#branch                       -1.12422e-12
mq68:b_tj#branch                             0
mq68:s#branch                      1.55918e-14
mq68:g#branch                      1.12422e-12
mq68:d#branch                      2.12846e-10
r139#branch                       -1.68225e-14
v365#branch                       -1.68225e-14
v364#branch                       -5.05827e-14
r138#branch                       -8.00697e-16
v363#branch                       -8.00697e-16
v362#branch                       -1.40299e-13
xmr67#branch                       3.29255e-10
v361#branch                       -1.12422e-12
mq67:b_tj#branch                             0
mq67:s#branch                      1.55918e-14
mq67:g#branch                      1.12422e-12
mq67:d#branch                      2.12846e-10
r137#branch                       -1.68225e-14
v360#branch                       -1.68225e-14
v359#branch                       -5.05827e-14
r136#branch                       -8.00697e-16
v358#branch                       -8.00697e-16
v357#branch                       -4.10369e-14
xmr66#branch                       3.29255e-10
v356#branch                       -1.12422e-12
mq66:b_tj#branch                             0
mq66:s#branch                      1.55918e-14
mq66:g#branch                      1.12422e-12
mq66:d#branch                      2.12846e-10
r135#branch                       -1.68225e-14
v355#branch                       -1.68225e-14
v354#branch                       -5.05827e-14
r134#branch                       -8.00697e-16
v353#branch                       -8.00697e-16
v352#branch                       -4.10369e-14
xmr65#branch                       3.29255e-10
v351#branch                       -1.12422e-12
mq65:b_tj#branch                             0
mq65:s#branch                      1.55918e-14
mq65:g#branch                      1.12422e-12
mq65:d#branch                      2.12846e-10
r133#branch                       -1.68225e-14
v350#branch                       -1.68225e-14
v349#branch                       -5.05827e-14
r132#branch                       -8.00697e-16
v348#branch                       -8.00697e-16
v347#branch                       -1.07211e-13
xmr64#branch                       3.29255e-10
v346#branch                       -1.12422e-12
mq64:b_tj#branch                             0
mq64:s#branch                      1.55918e-14
mq64:g#branch                      1.12422e-12
mq64:d#branch                      2.12846e-10
r131#branch                       -1.68225e-14
v345#branch                       -1.68225e-14
v344#branch                       -5.05827e-14
r130#branch                       -8.00697e-16
v343#branch                       -8.00697e-16
v342#branch                       -7.94968e-15
xmr63#branch                       3.29255e-10
v341#branch                       -1.12422e-12
mq63:b_tj#branch                             0
mq63:s#branch                      1.55918e-14
mq63:g#branch                      1.12422e-12
mq63:d#branch                      2.12846e-10
r129#branch                       -1.68225e-14
v340#branch                       -1.68225e-14
v339#branch                       -5.05827e-14
r128#branch                       -8.00697e-16
v338#branch                       -8.00697e-16
v337#branch                       -4.10369e-14
xmr62#branch                       3.29255e-10
v336#branch                       -1.12422e-12
mq62:b_tj#branch                             0
mq62:s#branch                      1.55918e-14
mq62:g#branch                      1.12422e-12
mq62:d#branch                      2.12846e-10
r127#branch                       -1.68225e-14
v335#branch                       -1.68225e-14
v334#branch                       -5.05827e-14
r126#branch                       -8.00697e-16
v333#branch                       -8.00697e-16
v332#branch                         9.1312e-14
xmr61#branch                       3.29255e-10
v331#branch                        1.12422e-12
mq61:b_tj#branch                             0
mq61:s#branch                      1.55918e-14
mq61:g#branch                      1.12422e-12
mq61:d#branch                      2.12846e-10
r125#branch                       -1.68225e-14
v330#branch                       -1.68225e-14
v329#branch                       -5.05827e-14
r124#branch                       -8.00697e-16
v328#branch                       -8.00697e-16
v327#branch                       -4.10369e-14
xmr60#branch                       3.29255e-10
v326#branch                       -1.12422e-12
mq60:b_tj#branch                             0
mq60:s#branch                      1.55918e-14
mq60:g#branch                      1.12422e-12
mq60:d#branch                      2.12846e-10
r123#branch                       -1.68225e-14
v325#branch                       -1.68225e-14
v324#branch                       -5.05827e-14
r122#branch                       -8.00697e-16
v323#branch                       -8.00697e-16
v322#branch                       -7.94968e-15
xmr59#branch                       3.29255e-10
v321#branch                       -1.12422e-12
mq59:b_tj#branch                             0
mq59:s#branch                      1.55918e-14
mq59:g#branch                      1.12422e-12
mq59:d#branch                      2.12846e-10
r121#branch                       -1.68225e-14
v320#branch                       -1.68225e-14
v319#branch                       -5.05827e-14
r120#branch                       -8.00697e-16
v318#branch                       -8.00697e-16
v317#branch                       -7.94968e-15
xmr58#branch                       3.29255e-10
v316#branch                       -1.12422e-12
mq58:b_tj#branch                             0
mq58:s#branch                      1.55918e-14
mq58:g#branch                      1.12422e-12
mq58:d#branch                      2.12846e-10
r119#branch                       -1.68225e-14
v315#branch                       -1.68225e-14
v314#branch                       -5.05827e-14
r118#branch                       -8.00697e-16
v313#branch                       -8.00697e-16
v312#branch                       -4.10369e-14
xmr57#branch                       3.29255e-10
v311#branch                       -1.12422e-12
mq57:b_tj#branch                             0
mq57:s#branch                      1.55918e-14
mq57:g#branch                      1.12422e-12
mq57:d#branch                      2.12846e-10
r117#branch                       -1.68225e-14
v310#branch                       -1.68225e-14
v309#branch                       -5.05827e-14
r116#branch                       -8.00697e-16
v308#branch                       -8.00697e-16
v307#branch                       -4.10369e-14
xmr56#branch                       3.29255e-10
v306#branch                       -1.12422e-12
mq56:b_tj#branch                             0
mq56:s#branch                      1.55918e-14
mq56:g#branch                      1.12422e-12
mq56:d#branch                      2.12846e-10
r115#branch                       -1.68225e-14
v305#branch                       -1.68225e-14
v304#branch                       -5.05827e-14
r114#branch                       -8.00697e-16
v303#branch                       -8.00697e-16
v302#branch                       -4.10369e-14
xmr55#branch                       3.29255e-10
v301#branch                       -1.12422e-12
mq55:b_tj#branch                             0
mq55:s#branch                      1.55918e-14
mq55:g#branch                      1.12422e-12
mq55:d#branch                      2.12846e-10
r113#branch                       -1.68225e-14
v300#branch                       -1.68225e-14
v299#branch                       -5.05827e-14
r112#branch                       -8.00697e-16
v298#branch                       -8.00697e-16
v297#branch                       -4.10369e-14
xmr54#branch                       3.29255e-10
v296#branch                       -1.12422e-12
mq54:b_tj#branch                             0
mq54:s#branch                      1.55918e-14
mq54:g#branch                      1.12422e-12
mq54:d#branch                      2.12846e-10
r111#branch                       -1.68225e-14
v295#branch                       -1.68225e-14
v294#branch                       -5.05827e-14
r110#branch                       -8.00697e-16
v293#branch                       -8.00697e-16
v292#branch                       -1.07211e-13
xmr53#branch                       3.29255e-10
v291#branch                       -1.12422e-12
mq53:b_tj#branch                             0
mq53:s#branch                      1.55918e-14
mq53:g#branch                      1.12422e-12
mq53:d#branch                      2.12846e-10
r109#branch                       -1.68225e-14
v290#branch                       -1.68225e-14
v289#branch                       -5.05827e-14
r108#branch                       -8.00697e-16
v288#branch                       -8.00697e-16
v287#branch                       -1.40299e-13
xmr52#branch                       3.29255e-10
v286#branch                       -1.12422e-12
mq52:b_tj#branch                             0
mq52:s#branch                      1.55918e-14
mq52:g#branch                      1.12422e-12
mq52:d#branch                      2.12846e-10
r107#branch                       -1.68225e-14
v285#branch                       -1.68225e-14
v284#branch                       -5.05827e-14
r106#branch                       -8.00697e-16
v283#branch                       -8.00697e-16
v282#branch                         9.1312e-14
xmr51#branch                       3.29255e-10
v281#branch                        1.12422e-12
mq51:b_tj#branch                             0
mq51:s#branch                      1.55918e-14
mq51:g#branch                      1.12422e-12
mq51:d#branch                      2.12846e-10
r105#branch                       -1.68225e-14
v280#branch                       -1.68225e-14
v279#branch                       -5.05827e-14
r104#branch                       -8.00697e-16
v278#branch                       -8.00697e-16
v277#branch                       -4.10369e-14
xmr50#branch                       3.29255e-10
v276#branch                       -1.12422e-12
mq50:b_tj#branch                             0
mq50:s#branch                      1.55918e-14
mq50:g#branch                      1.12422e-12
mq50:d#branch                      2.12846e-10
r103#branch                       -1.68225e-14
v275#branch                       -1.68225e-14
v274#branch                       -5.05827e-14
r102#branch                       -8.00697e-16
v273#branch                       -8.00697e-16
v272#branch                       -4.10369e-14
r101#branch                       -1.68225e-14
v271#branch                       -1.68225e-14
v270#branch                                  0
xv269#branch                                 0
r100#branch                       -1.68225e-14
v268#branch                       -1.68225e-14
v267#branch                                  0
xv266#branch                                 0
r99#branch                        -1.68225e-14
v265#branch                       -1.68225e-14
v264#branch                                  0
xv263#branch                                 0
r98#branch                        -1.68225e-14
v262#branch                       -1.68225e-14
v261#branch                                  0
xv260#branch                                 0
r97#branch                        -1.68225e-14
v259#branch                       -1.68225e-14
v258#branch                                  0
xv257#branch                                 0
xmr49#branch                       3.29255e-10
v256#branch                       -1.12422e-12
mq49:b_tj#branch                             0
mq49:s#branch                      1.55918e-14
mq49:g#branch                      1.12422e-12
mq49:d#branch                      2.12846e-10
r96#branch                        -1.68225e-14
v255#branch                       -1.68225e-14
v254#branch                       -5.05827e-14
r95#branch                        -8.00697e-16
v253#branch                       -8.00697e-16
v252#branch                       -4.10369e-14
xmr48#branch                       3.29255e-10
v251#branch                       -1.12422e-12
mq48:b_tj#branch                             0
mq48:s#branch                      1.55918e-14
mq48:g#branch                      1.12422e-12
mq48:d#branch                      2.12846e-10
r94#branch                        -1.68225e-14
v250#branch                       -1.68225e-14
v249#branch                       -5.05827e-14
r93#branch                        -8.00697e-16
v248#branch                       -8.00697e-16
v247#branch                       -4.10369e-14
xmr47#branch                       3.29255e-10
v246#branch                       -1.12422e-12
mq47:b_tj#branch                             0
mq47:s#branch                      1.55918e-14
mq47:g#branch                      1.12422e-12
mq47:d#branch                      2.12846e-10
r92#branch                        -1.68225e-14
v245#branch                       -1.68225e-14
v244#branch                       -5.05827e-14
r91#branch                        -8.00697e-16
v243#branch                       -8.00697e-16
v242#branch                       -4.10369e-14
xmr46#branch                       3.29255e-10
v241#branch                       -1.12422e-12
mq46:b_tj#branch                             0
mq46:s#branch                      1.55918e-14
mq46:g#branch                      1.12422e-12
mq46:d#branch                      2.12846e-10
r90#branch                        -1.68225e-14
v240#branch                       -1.68225e-14
v239#branch                       -5.05827e-14
r89#branch                        -8.00697e-16
v238#branch                       -8.00697e-16
v237#branch                       -1.40299e-13
xmr45#branch                       3.29255e-10
v236#branch                       -1.12422e-12
mq45:b_tj#branch                             0
mq45:s#branch                      1.55918e-14
mq45:g#branch                      1.12422e-12
mq45:d#branch                      2.12846e-10
r88#branch                        -1.68225e-14
v235#branch                       -1.68225e-14
v234#branch                       -5.05827e-14
r87#branch                        -8.00697e-16
v233#branch                       -8.00697e-16
v232#branch                       -7.94968e-15
xmr44#branch                       3.29255e-10
v231#branch                       -1.12422e-12
mq44:b_tj#branch                             0
mq44:s#branch                      1.55918e-14
mq44:g#branch                      1.12422e-12
mq44:d#branch                      2.12846e-10
r86#branch                        -1.68225e-14
v230#branch                       -1.68225e-14
v229#branch                       -5.05827e-14
r85#branch                        -8.00697e-16
v228#branch                       -8.00697e-16
v227#branch                       -1.07211e-13
xmr43#branch                       3.29255e-10
v226#branch                       -1.12422e-12
mq43:b_tj#branch                             0
mq43:s#branch                      1.55918e-14
mq43:g#branch                      1.12422e-12
mq43:d#branch                      2.12846e-10
r84#branch                        -1.68225e-14
v225#branch                       -1.68225e-14
v224#branch                       -5.05827e-14
r83#branch                        -8.00697e-16
v223#branch                       -8.00697e-16
v222#branch                       -7.94968e-15
xmr42#branch                       3.29255e-10
v221#branch                       -1.12422e-12
mq42:b_tj#branch                             0
mq42:s#branch                      1.55918e-14
mq42:g#branch                      1.12422e-12
mq42:d#branch                      2.12846e-10
r82#branch                        -1.68225e-14
v220#branch                       -1.68225e-14
v219#branch                       -5.05827e-14
r81#branch                        -8.00697e-16
v218#branch                       -8.00697e-16
v217#branch                         9.1312e-14
xmr41#branch                       3.29255e-10
v216#branch                        1.12422e-12
mq41:b_tj#branch                             0
mq41:s#branch                      1.55918e-14
mq41:g#branch                      1.12422e-12
mq41:d#branch                      2.12846e-10
r80#branch                        -1.68225e-14
v215#branch                       -1.68225e-14
v214#branch                       -5.05827e-14
r79#branch                        -8.00697e-16
v213#branch                       -8.00697e-16
v212#branch                       -1.40299e-13
xmr40#branch                       3.29255e-10
v211#branch                       -1.12422e-12
mq40:b_tj#branch                             0
mq40:s#branch                      1.55918e-14
mq40:g#branch                      1.12422e-12
mq40:d#branch                      2.12846e-10
r78#branch                        -1.68225e-14
v210#branch                       -1.68225e-14
v209#branch                       -5.05827e-14
r77#branch                        -8.00697e-16
v208#branch                       -8.00697e-16
v207#branch                       -4.10369e-14
xmr39#branch                       3.29255e-10
v206#branch                       -1.12422e-12
mq39:b_tj#branch                             0
mq39:s#branch                      1.55918e-14
mq39:g#branch                      1.12422e-12
mq39:d#branch                      2.12846e-10
r76#branch                        -1.68225e-14
v205#branch                       -1.68225e-14
v204#branch                       -5.05827e-14
r75#branch                        -8.00697e-16
v203#branch                       -8.00697e-16
v202#branch                       -4.10369e-14
xmr38#branch                       3.29255e-10
v201#branch                       -1.12422e-12
mq38:b_tj#branch                             0
mq38:s#branch                      1.55918e-14
mq38:g#branch                      1.12422e-12
mq38:d#branch                      2.12846e-10
r74#branch                        -1.68225e-14
v200#branch                       -1.68225e-14
v199#branch                       -5.05827e-14
r73#branch                        -8.00697e-16
v198#branch                       -8.00697e-16
v197#branch                       -4.10369e-14
xmr37#branch                       3.29255e-10
v196#branch                       -1.12422e-12
mq37:b_tj#branch                             0
mq37:s#branch                      1.55918e-14
mq37:g#branch                      1.12422e-12
mq37:d#branch                      2.12846e-10
r72#branch                        -1.68225e-14
v195#branch                       -1.68225e-14
v194#branch                       -5.05827e-14
r71#branch                        -8.00697e-16
v193#branch                       -8.00697e-16
v192#branch                       -4.10369e-14
xmr36#branch                       3.29255e-10
v191#branch                       -1.12422e-12
mq36:b_tj#branch                             0
mq36:s#branch                      1.55918e-14
mq36:g#branch                      1.12422e-12
mq36:d#branch                      2.12846e-10
r70#branch                        -1.68225e-14
v190#branch                       -1.68225e-14
v189#branch                       -5.05827e-14
r69#branch                        -8.00697e-16
v188#branch                       -8.00697e-16
v187#branch                       -7.94968e-15
xmr35#branch                       3.29255e-10
v186#branch                       -1.12422e-12
mq35:b_tj#branch                             0
mq35:s#branch                      1.55918e-14
mq35:g#branch                      1.12422e-12
mq35:d#branch                      2.12846e-10
r68#branch                        -1.68225e-14
v185#branch                       -1.68225e-14
v184#branch                       -5.05827e-14
r67#branch                        -8.00697e-16
v183#branch                       -8.00697e-16
v182#branch                       -7.94968e-15
xmr34#branch                       3.29255e-10
v181#branch                       -1.12422e-12
mq34:b_tj#branch                             0
mq34:s#branch                      1.55918e-14
mq34:g#branch                      1.12422e-12
mq34:d#branch                      2.12846e-10
r66#branch                        -1.68225e-14
v180#branch                       -1.68225e-14
v179#branch                       -5.05827e-14
r65#branch                        -8.00697e-16
v178#branch                       -8.00697e-16
v177#branch                       -1.07211e-13
xmr33#branch                       3.29255e-10
v176#branch                       -1.12422e-12
mq33:b_tj#branch                             0
mq33:s#branch                      1.55918e-14
mq33:g#branch                      1.12422e-12
mq33:d#branch                      2.12846e-10
r64#branch                        -1.68225e-14
v175#branch                       -1.68225e-14
v174#branch                       -5.05827e-14
r63#branch                        -8.00697e-16
v173#branch                       -8.00697e-16
v172#branch                       -4.10369e-14
xmr32#branch                       3.29255e-10
v171#branch                       -1.12422e-12
mq32:b_tj#branch                             0
mq32:s#branch                      1.55918e-14
mq32:g#branch                      1.12422e-12
mq32:d#branch                      2.12846e-10
r62#branch                        -1.68225e-14
v170#branch                       -1.68225e-14
v169#branch                       -5.05827e-14
r61#branch                        -8.00697e-16
v168#branch                       -8.00697e-16
v167#branch                         9.1312e-14
xmr31#branch                       3.29255e-10
v166#branch                        1.12422e-12
mq31:b_tj#branch                             0
mq31:s#branch                      1.55918e-14
mq31:g#branch                      1.12422e-12
mq31:d#branch                      2.12846e-10
r60#branch                        -1.68225e-14
v165#branch                       -1.68225e-14
v164#branch                       -5.05827e-14
r59#branch                        -8.00697e-16
v163#branch                       -8.00697e-16
v162#branch                       -4.10369e-14
xmr30#branch                       3.29255e-10
v161#branch                       -1.12422e-12
mq30:b_tj#branch                             0
mq30:s#branch                      1.55918e-14
mq30:g#branch                      1.12422e-12
mq30:d#branch                      2.12846e-10
r58#branch                        -1.68225e-14
v160#branch                       -1.68225e-14
v159#branch                       -5.05827e-14
r57#branch                        -8.00697e-16
v158#branch                       -8.00697e-16
v157#branch                       -1.40299e-13
xmr29#branch                       3.29255e-10
v156#branch                       -1.12422e-12
mq29:b_tj#branch                             0
mq29:s#branch                      1.55918e-14
mq29:g#branch                      1.12422e-12
mq29:d#branch                      2.12846e-10
r56#branch                        -1.68225e-14
v155#branch                       -1.68225e-14
v154#branch                       -5.05827e-14
r55#branch                        -8.00697e-16
v153#branch                       -8.00697e-16
v152#branch                       -4.10369e-14
xmr28#branch                       3.29255e-10
v151#branch                       -1.12422e-12
mq28:b_tj#branch                             0
mq28:s#branch                      1.55918e-14
mq28:g#branch                      1.12422e-12
mq28:d#branch                      2.12846e-10
r54#branch                        -1.68225e-14
v150#branch                       -1.68225e-14
v149#branch                       -5.05827e-14
r53#branch                        -8.00697e-16
v148#branch                       -8.00697e-16
v147#branch                       -4.10369e-14
xmr27#branch                       3.29255e-10
v146#branch                       -1.12422e-12
mq27:b_tj#branch                             0
mq27:s#branch                      1.55918e-14
mq27:g#branch                      1.12422e-12
mq27:d#branch                      2.12846e-10
r52#branch                        -1.68225e-14
v145#branch                       -1.68225e-14
v144#branch                       -5.05827e-14
r51#branch                        -8.00697e-16
v143#branch                       -8.00697e-16
v142#branch                       -4.10369e-14
xmr26#branch                       3.29255e-10
v141#branch                       -1.12422e-12
mq26:b_tj#branch                             0
mq26:s#branch                      1.55918e-14
mq26:g#branch                      1.12422e-12
mq26:d#branch                      2.12846e-10
r50#branch                        -1.68225e-14
v140#branch                       -1.68225e-14
v139#branch                       -5.05827e-14
r49#branch                        -8.00697e-16
v138#branch                       -8.00697e-16
v137#branch                       -4.10369e-14
xmr25#branch                       3.29255e-10
v136#branch                       -1.12422e-12
mq25:b_tj#branch                             0
mq25:s#branch                      1.55918e-14
mq25:g#branch                      1.12422e-12
mq25:d#branch                      2.12846e-10
r48#branch                        -1.68225e-14
v135#branch                       -1.68225e-14
v134#branch                       -5.05827e-14
r47#branch                        -8.00697e-16
v133#branch                       -8.00697e-16
v132#branch                       -7.94968e-15
xmr24#branch                       3.29255e-10
v131#branch                       -1.12422e-12
mq24:b_tj#branch                             0
mq24:s#branch                      1.55918e-14
mq24:g#branch                      1.12422e-12
mq24:d#branch                      2.12846e-10
r46#branch                        -1.68225e-14
v130#branch                       -1.68225e-14
v129#branch                       -5.05827e-14
r45#branch                        -8.00697e-16
v128#branch                       -8.00697e-16
v127#branch                       -7.94968e-15
xmr23#branch                       3.29255e-10
v126#branch                       -1.12422e-12
mq23:b_tj#branch                             0
mq23:s#branch                      1.55918e-14
mq23:g#branch                      1.12422e-12
mq23:d#branch                      2.12846e-10
r44#branch                        -1.68225e-14
v125#branch                       -1.68225e-14
v124#branch                       -5.05827e-14
r43#branch                        -8.00697e-16
v123#branch                       -8.00697e-16
v122#branch                       -1.07211e-13
xmr22#branch                       3.29255e-10
v121#branch                       -1.12422e-12
mq22:b_tj#branch                             0
mq22:s#branch                      1.55918e-14
mq22:g#branch                      1.12422e-12
mq22:d#branch                      2.12846e-10
r42#branch                        -1.68225e-14
v120#branch                       -1.68225e-14
v119#branch                       -5.05827e-14
r41#branch                        -8.00697e-16
v118#branch                       -8.00697e-16
v117#branch                         9.1312e-14
xmr21#branch                       3.29255e-10
v116#branch                        1.12422e-12
mq21:b_tj#branch                             0
mq21:s#branch                      1.55918e-14
mq21:g#branch                      1.12422e-12
mq21:d#branch                      2.12846e-10
r40#branch                        -1.68225e-14
v115#branch                       -1.68225e-14
v114#branch                       -5.05827e-14
r39#branch                        -8.00697e-16
v113#branch                       -8.00697e-16
v112#branch                       -1.07211e-13
xmr20#branch                       3.29255e-10
v111#branch                       -1.12422e-12
mq20:b_tj#branch                             0
mq20:s#branch                      1.55918e-14
mq20:g#branch                      1.12422e-12
mq20:d#branch                      2.12846e-10
r38#branch                        -1.68225e-14
v110#branch                       -1.68225e-14
v109#branch                       -5.05827e-14
r37#branch                        -8.00697e-16
v108#branch                       -8.00697e-16
v107#branch                       -7.94968e-15
xmr19#branch                       3.29255e-10
v106#branch                       -1.12422e-12
mq19:b_tj#branch                             0
mq19:s#branch                      1.55918e-14
mq19:g#branch                      1.12422e-12
mq19:d#branch                      2.12846e-10
r36#branch                        -1.68225e-14
v105#branch                       -1.68225e-14
v104#branch                       -5.05827e-14
r35#branch                        -8.00697e-16
v103#branch                       -8.00697e-16
v102#branch                       -4.10369e-14
xmr18#branch                       3.29255e-10
v101#branch                       -1.12422e-12
mq18:b_tj#branch                             0
mq18:s#branch                      1.55918e-14
mq18:g#branch                      1.12422e-12
mq18:d#branch                      2.12846e-10
r34#branch                        -1.68225e-14
v100#branch                       -1.68225e-14
v99#branch                        -5.05827e-14
r33#branch                        -8.00697e-16
v98#branch                        -8.00697e-16
v97#branch                        -1.40299e-13
xmr17#branch                       3.29255e-10
v96#branch                        -1.12422e-12
mq17:b_tj#branch                             0
mq17:s#branch                      1.55918e-14
mq17:g#branch                      1.12422e-12
mq17:d#branch                      2.12846e-10
r32#branch                        -1.68225e-14
v95#branch                        -1.68225e-14
v94#branch                        -5.05827e-14
r31#branch                        -8.00697e-16
v93#branch                        -8.00697e-16
v92#branch                        -4.10369e-14
xmr16#branch                       3.29255e-10
v91#branch                        -1.12422e-12
mq16:b_tj#branch                             0
mq16:s#branch                      1.55918e-14
mq16:g#branch                      1.12422e-12
mq16:d#branch                      2.12846e-10
r30#branch                        -1.68225e-14
v90#branch                        -1.68225e-14
v89#branch                        -5.05827e-14
r29#branch                        -8.00697e-16
v88#branch                        -8.00697e-16
v87#branch                        -4.10369e-14
xmr15#branch                       3.29255e-10
v86#branch                        -1.12422e-12
mq15:b_tj#branch                             0
mq15:s#branch                      1.55918e-14
mq15:g#branch                      1.12422e-12
mq15:d#branch                      2.12846e-10
r28#branch                        -1.68225e-14
v85#branch                        -1.68225e-14
v84#branch                        -5.05827e-14
r27#branch                        -8.00697e-16
v83#branch                        -8.00697e-16
v82#branch                        -7.94968e-15
xmr14#branch                       3.29255e-10
v81#branch                        -1.12422e-12
mq14:b_tj#branch                             0
mq14:s#branch                      1.55918e-14
mq14:g#branch                      1.12422e-12
mq14:d#branch                      2.12846e-10
r26#branch                        -1.68225e-14
v80#branch                        -1.68225e-14
v79#branch                        -5.05827e-14
r25#branch                        -8.00697e-16
v78#branch                        -8.00697e-16
v77#branch                        -4.10369e-14
xmr13#branch                       3.29255e-10
v76#branch                        -1.12422e-12
mq13:b_tj#branch                             0
mq13:s#branch                      1.55918e-14
mq13:g#branch                      1.12422e-12
mq13:d#branch                      2.12846e-10
r24#branch                        -1.68225e-14
v75#branch                        -1.68225e-14
v74#branch                        -5.05827e-14
r23#branch                        -8.00697e-16
v73#branch                        -8.00697e-16
v72#branch                        -4.10369e-14
xmr12#branch                       3.29255e-10
v71#branch                        -1.12422e-12
mq12:b_tj#branch                             0
mq12:s#branch                      1.55918e-14
mq12:g#branch                      1.12422e-12
mq12:d#branch                      2.12846e-10
r22#branch                        -1.68225e-14
v70#branch                        -1.68225e-14
v69#branch                        -5.05827e-14
r21#branch                        -8.00697e-16
v68#branch                        -8.00697e-16
v67#branch                          9.1312e-14
xmr11#branch                       3.29255e-10
v66#branch                         1.12422e-12
mq11:b_tj#branch                             0
mq11:s#branch                      1.55918e-14
mq11:g#branch                      1.12422e-12
mq11:d#branch                      2.12846e-10
r20#branch                         4.13311e-13
v65#branch                          8.1263e-13
v64#branch                        -5.05827e-14
xv63#branch                                  0
xv62#branch                                  0
xv61#branch                                  0
xv60#branch                                  0
xv59#branch                                  0
xv58#branch                                  0
xv57#branch                                  0
xv56#branch                                  0
xv55#branch                                  0
xv54#branch                                  0
xv53#branch                                  0
xv52#branch                                  0
xv51#branch                                  0
xv50#branch                                  0
xv49#branch                                  0
r19#branch                        -8.00697e-16
v48#branch                        -8.00697e-16
v47#branch                         5.82248e-14
xmr10#branch                       3.29255e-10
v46#branch                        -1.12422e-12
mq10:b_tj#branch                             0
mq10:s#branch                      1.55918e-14
mq10:g#branch                      1.12422e-12
mq10:d#branch                      2.12846e-10
r18#branch                         4.13311e-13
v45#branch                          8.1263e-13
v44#branch                        -5.05827e-14
r17#branch                        -8.00697e-16
v43#branch                        -8.00697e-16
v42#branch                        -7.94968e-15
xmr9#branch                        3.29255e-10
v41#branch                        -1.12422e-12
mq9:b_tj#branch                              0
mq9:s#branch                       1.55918e-14
mq9:g#branch                       1.12422e-12
mq9:d#branch                       2.12846e-10
r16#branch                         4.13311e-13
v40#branch                          8.1263e-13
v39#branch                        -5.05827e-14
r15#branch                        -8.00697e-16
v38#branch                        -8.00697e-16
v37#branch                         2.51375e-14
xmr8#branch                        3.29255e-10
v36#branch                        -1.12422e-12
mq8:b_tj#branch                              0
mq8:s#branch                       1.55918e-14
mq8:g#branch                       1.12422e-12
mq8:d#branch                       2.12846e-10
r14#branch                         4.13311e-13
v35#branch                          8.1263e-13
v34#branch                        -5.05827e-14
r13#branch                        -8.00697e-16
v33#branch                        -8.00697e-16
v32#branch                        -2.06473e-13
xmr7#branch                        3.29255e-10
v31#branch                        -1.12422e-12
mq7:b_tj#branch                              0
mq7:s#branch                       1.55918e-14
mq7:g#branch                       1.12422e-12
mq7:d#branch                       2.12846e-10
r12#branch                         4.13311e-13
v30#branch                          8.1263e-13
v29#branch                        -5.05827e-14
r11#branch                        -8.00697e-16
v28#branch                        -8.00697e-16
v27#branch                         5.82248e-14
xmr6#branch                        3.29255e-10
v26#branch                        -1.12422e-12
mq6:b_tj#branch                              0
mq6:s#branch                       1.55918e-14
mq6:g#branch                       1.12422e-12
mq6:d#branch                       2.12846e-10
r10#branch                         4.13311e-13
v25#branch                          8.1263e-13
v24#branch                        -5.05827e-14
r9#branch                         -8.00697e-16
v23#branch                        -8.00697e-16
v22#branch                         1.24399e-13
xmr5#branch                        3.29255e-10
v21#branch                        -1.12422e-12
mq5:b_tj#branch                              0
mq5:s#branch                       1.55918e-14
mq5:g#branch                       1.12422e-12
mq5:d#branch                       2.12846e-10
r8#branch                          4.13311e-13
v20#branch                          8.1263e-13
v19#branch                        -5.05827e-14
r7#branch                         -8.00697e-16
v18#branch                        -8.00697e-16
v17#branch                         2.51375e-14
xmr4#branch                        3.29255e-10
v16#branch                        -1.12422e-12
mq4:b_tj#branch                              0
mq4:s#branch                       1.55918e-14
mq4:g#branch                       1.12422e-12
mq4:d#branch                       2.12846e-10
r6#branch                          4.13311e-13
v15#branch                          8.1263e-13
v14#branch                        -5.05827e-14
r5#branch                         -8.00697e-16
v13#branch                        -8.00697e-16
v12#branch                        -7.41241e-14
xmr3#branch                        3.29255e-10
v11#branch                        -1.12422e-12
mq3:b_tj#branch                              0
mq3:s#branch                       1.55918e-14
mq3:g#branch                       1.12422e-12
mq3:d#branch                       2.12846e-10
r4#branch                          4.13311e-13
v10#branch                          8.1263e-13
v9#branch                         -5.05827e-14
r3#branch                         -8.00697e-16
v8#branch                         -8.00697e-16
v7#branch                         -4.10369e-14
xmr2#branch                        3.29255e-10
v6#branch                         -1.12422e-12
mq2:b_tj#branch                              0
mq2:s#branch                       1.55918e-14
mq2:g#branch                       1.12422e-12
mq2:d#branch                       2.12846e-10
r2#branch                          4.13311e-13
v5#branch                           8.1263e-13
v4#branch                         -5.05827e-14
r1#branch                         -8.00697e-16
v3#branch                         -8.00697e-16
v2#branch                          2.51375e-14
xmr1#branch                        3.29255e-10
v1#branch                          1.12422e-12
mq1:b_tj#branch                              0
mq1:s#branch                       1.55918e-14
mq1:g#branch                       1.12422e-12
mq1:d#branch                       2.12846e-10
a.xv549.a1#branch_0_0                        0
a.xv546.a1#branch_0_0                        0
a.xv543.a1#branch_0_0                        0
a.xv540.a1#branch_0_0                        0
a.xv537.a1#branch_0_0                        0
a.xv534.a1#branch_0_0                        0
a.xv531.a1#branch_0_0                        0
a.xv528.a1#branch_0_0                        0
a.xv525.a1#branch_0_0                        0
a.xv522.a1#branch_0_0                        0
a.xv269.a1#branch_0_0                        0
a.xv266.a1#branch_0_0                        0
a.xv263.a1#branch_0_0                        0
a.xv260.a1#branch_0_0                        0
a.xv257.a1#branch_0_0                        0
a.xv63.a1#branch_0_0                         0
a.xv62.a1#branch_0_0                         0
a.xv61.a1#branch_0_0                         0
a.xv60.a1#branch_0_0                         0
a.xv59.a1#branch_0_0                         0
a.xv58.a1#branch_0_0                         0
a.xv57.a1#branch_0_0                         0
a.xv56.a1#branch_0_0                         0
a.xv55.a1#branch_0_0                         0
a.xv54.a1#branch_0_0                         0
a.xv53.a1#branch_0_0                         0
a.xv52.a1#branch_0_0                         0
a.xv51.a1#branch_0_0                         0
a.xv50.a1#branch_0_0                         0
a.xv49.a1#branch_0_0                         0


No. of Data Rows : 3392

Node data saved to file simulation_output/nodes.txt
Note: Simulation executed from .control section 
